timestamp,m5_price_momentum_3,m5_price_momentum_6,m5_price_acceleration,m5_volatility_3,m5_volatility_6,m5_max_move_3,m5_avg_range_3,m5_avg_range_6,m5_range_expansion,m5_trend_consistency,m5_volume_trend,m5_volume_avg,m5_spread_avg,m5_spread_volatility,m5_spread_trend,m5_resistance_distance,m5_support_distance,m15_momentum_4h,m15_momentum_2h,m15_momentum_1h,m15_trend_slope,m15_vol_regime,m15_avg_range,m15_range_volatility,m15_current_range_percentile,m15_price_vs_sma20,m15_price_vs_sma50,m15_sma20_vs_sma50,momentum_confluence,momentum_divergence,vol_m5_vs_m15,vol_regime_alignment,price_level_diff,price_level_alignment,trend_strength_ratio,session_asia,session_london,session_newyork,session_overlap,session_transition,session_vol_anomaly,hour_sin,hour_cos,day_of_week_sin,day_of_week_cos,is_weekend,current_open,current_high,current_low,current_close,current_volume,current_spread,target_direction_1,target_direction_3,target_direction_5,target_price_1,target_return_1
2023-11-08 04:15:00+00:00,0.0699999999999363,0.1100000000001273,0.0299999999997453,1.835546081475012e-05,2.6115820010616487e-05,3.136016892679727e-05,0.0,0.0,1,0.7272727272727273,,0.0,0.0003,0.0,0,5.2265035997496e-06,4.703853239786524e-05,0,0,0.0,0.0,1.0,0.9900000000000092,0.4525483399593004,-0.7071067811865476,0,0,0,0,1,1.0,1,0.0002979994824219,1,0.1227704320185634,1,0,0,0,0,1.25,0.8660254037844386,0.5000000000000001,0.9749279121818236,-0.2225209339563143,0,1913.325,1913.325,1913.325,1913.325,0,0.0003,1,0,0,1912.915,8.364897752177747e-05
2023-11-08 04:30:00+00:00,-0.0399999999999636,-0.0199999999999818,-0.0599999999999454,7.985819287465238e-06,1.222359834935172e-05,1.5683855300707705e-05,0.0,0.0,1,0.2727272727272727,,0.0,0.0003,0.0,0,2.091224438046881e-05,0.0,0,0,0.0,0.0,1.0,0.9266666666666576,0.3382799629497726,-0.3744433030031706,0,0,0,0,1,0.0416413908853011,0,8.36419809556904e-05,1,0.2500209122443804,1,0,0,0,0,1.25,0.8660254037844386,0.5000000000000001,0.9749279121818236,-0.2225209339563143,0,1912.755,1912.755,1912.755,1912.755,0,0.0003,0,0,0,1912.545,-0.00019342208096018165
2023-11-08 04:45:00+00:00,0.0099999999999909,0.0,0.0199999999999818,3.0181857917384022e-06,3.3062482398092624e-06,5.22765113797341e-06,0.0,0.0,1,0.1818181818181818,,0.0,0.0003,0.0,0,0.0,5.22762380973065e-06,0,0,0.0,0.0,1.0,0.9399999999999976,0.2774887385101928,0.1441499940313836,0,0,0,0,1,0.0488857185542021,0,0.0001934595002992,1,0.0270217994032006,1,0,0,0,0,1.25,0.8660254037844386,0.5000000000000001,0.9749279121818236,-0.2225209339563143,0,1912.915,1912.915,1912.915,1912.915,0,0.0003,0,1,1,1911.845,-0.0003660044600257706
2023-11-08 05:00:00+00:00,-0.099999999999909,-0.0699999999999363,-0.1299999999998817,3.0185960760571093e-05,2.35001609389633e-05,5.22836177125896e-05,0.0,0.0,1,0.3636363636363636,,0.0,0.0003,0.0,0,5.228635143220633e-05,0.0,0,0,-1.4800000000000182,0.0,1.0,1.1008000000000266,0.4324733517802339,1.4872592666171125,0,0,0,1,0,0.1370622329039287,0,0.0003661384683381,1,0.1428048565055714,1,0,0,0,0,1.25,0.9659258262890684,0.2588190451025207,0.9749279121818236,-0.2225209339563143,0,1912.545,1912.545,1912.545,1912.545,0,0.0003,1,1,1,1912.465,0.0003242940719565546
2023-11-08 05:15:00+00:00,0.0399999999999636,0.0199999999999818,0.0599999999999454,7.98997253263322e-06,1.0285392219515632e-05,1.5691976953613462e-05,0.0,0.0,1,0.6363636363636364,,0.0,0.0003,0.0,0,0.0,2.092219819073388e-05,0,0,-0.290000000000191,0.0,1.211915598294142,1.047333333333351,0.4083854388524356,-0.6546103457669445,0,0,0,1,0,0.0301874354308409,0,0.0003241889394053,1,0.0645370512304014,1,0,0,0,0,1.25,0.9659258262890684,0.2588190451025207,0.9749279121818236,-0.2225209339563143,0,1911.845,1911.845,1911.845,1911.845,0,0.0003,1,1,1,1912.605,7.320395405940872e-05
2023-11-08 05:30:00+00:00,0.0,0.0199999999999818,-0.0199999999999818,5.2288675319093925e-06,8.538783058546682e-06,5.228881202468116e-06,0.0,0.0,1,0.5454545454545454,,0.0,0.0003,0.0,0,0.0,2.09154154454924e-05,0,0,-0.3099999999999454,0.0,1.128827053013935,0.9448571428571476,0.4609683389603377,-1.333838120518128,0,0,0,0,0,0.0400962072627025,0,7.319859563271039e-05,1,0.0,1,0,0,0,0,1.25,0.9659258262890684,0.2588190451025207,0.9749279121818236,-0.2225209339563143,0,1912.465,1912.465,1912.465,1912.465,0,0.0003,0,1,1,1912.315,-0.00015162566238191566
2023-11-08 05:45:00+00:00,0.0,0.0899999999999181,-0.0899999999999181,9.055953945625393e-06,1.2262111612243542e-05,1.0456942233227906e-05,0.0,0.0,1,0.6363636363636364,,0.0,0.0003,0.0,0,1.0456942233227355e-05,4.182776893290943e-05,0,0,-0.2300000000000182,-0.1174999999999706,1.0767752875966303,0.8880000000000052,0.4560676641527558,-0.8726775241550332,0,0,0,0,0,0.0508633873048873,0,0.0001516486562098,1,0.0,1,0,0,0,0,1.25,0.9659258262890684,0.2588190451025207,0.9749279121818236,-0.2225209339563143,0,1912.605,1912.605,1912.605,1912.605,0,0.0003,1,1,1,1912.595,0.00014641939220272349
2023-11-08 06:00:00+00:00,-0.0399999999999636,-0.0199999999999818,-0.0599999999999454,3.0191090880092034e-06,7.872787322453652e-06,1.0458418634784472e-05,0.0,0.0,1,0.6363636363636364,,0.0,0.0003,0.0,0,2.6146320036162725e-05,0.0,0,0,0.75,-0.0395238095237567,0.7159617601086854,0.8379999999999939,0.4239919136695704,0.1698145593785366,0,0,0,0,1,0.044236933730158,0,0.0001463979567027,1,0.1428780599130557,1,0,0,0,0,1.25,1.0,6.123233995736766e-17,0.9749279121818236,-0.2225209339563143,0,1912.315,1912.315,1912.315,1912.315,0,0.0003,1,1,1,1913.265,0.00035030939639613123
2023-11-08 06:15:00+00:00,0.0,-0.0199999999999818,0.0199999999999818,0.0,4.269006469836669e-06,0.0,0.0,0.0,1,0.0,,0.0,0.0003,0.0,0,1.0456996907333654e-05,0.0,0,0,0.8000000000001819,0.0505952380954539,0.8255931272232587,0.8567499999999768,0.4187859153042151,-0.0877536675829808,0,0,0,0,0,0.0271731206676933,0,0.0003501867226965,1,0.0,1,0,0,0,0,1.25,1.0,6.123233995736766e-17,0.9749279121818236,-0.2225209339563143,0,1912.595,1912.595,1912.595,1912.595,0,0.0003,1,1,1,1913.985,0.00037632006021115494
2023-11-08 06:30:00+00:00,0.0099999999999909,0.0099999999999909,0.0099999999999909,3.017633661974457e-06,3.934504457729752e-06,5.226694821169886e-06,0.0,0.0,1,0.2727272727272727,,0.0,0.0003,0.0,0,0.0,5.2266675029287135e-06,0,0,1.3799999999998818,0.2057142857144321,1.0331229893169187,0.8842499999999802,0.4217398487219888,0.3218808950858425,0,0,0,1,0,0.0175842856139258,0,0.0003761784966965,1,0.013894115556383,1,0,0,0,0,1.2499999999999998,1.0,6.123233995736766e-17,0.9749279121818236,-0.2225209339563143,0,1913.265,1913.265,1913.265,1913.265,0,0.0003,1,1,1,1914.605,0.00032393148326659293
2023-11-08 06:45:00+00:00,-0.0200000000002091,-0.0500000000001819,0.0099999999997635,7.980848237518909e-06,1.598967891085982e-05,1.044934809124598e-05,0.0,0.0,1,0.4545454545454545,,0.0,0.0003,0.0,0,4.702231208716136e-05,5.224701343004729e-06,0,0,2.289999999999964,0.3473809523809342,0.553489902343247,0.9067499999999882,0.4322485230909856,0.5858897982788159,0,0,0,0,1,0.0695074517631856,0,0.0003238265856404,1,0.0322685139191464,1,0,0,0,0,1.2499999999999998,1.0,6.123233995736766e-17,0.9749279121818236,-0.2225209339563143,0,1913.985,1913.985,1913.985,1913.985,0,0.0003,0,1,1,1914.585,-1.04460188916633e-05
2023-11-08 07:00:00+00:00,0.0099999999999909,-0.0199999999999818,0.0399999999999636,6.031027569151704e-06,1.0270470791575797e-05,5.223036725787722e-06,0.0,0.0,1,0.4545454545454545,,0.0,0.0003,0.0,0,0.0,1.5669028337423498e-05,0,0,1.990000000000009,0.3633333333334312,0.985666339801126,0.8349999999999795,0.3011881234615776,1.1122616527833609,0,0,0,0,1,0.0546919480278773,0,1.0446128012066225e-05,1,0.4999947769905541,1,0,0,0,0,1.25,0.9659258262890684,-0.2588190451025206,0.9749279121818236,-0.2225209339563143,0,1914.605,1914.605,1914.605,1914.605,0,0.0003,0,1,0,1914.515,-3.656144804220496e-05
2023-11-08 07:15:00+00:00,-0.002999999999929,-0.002999999999929,-0.002999999999929,5.300818685514872e-06,5.934521828400581e-06,5.223064005965838e-06,0.0,0.0,1,0.3636363636363636,,0.0,0.0003,0.0,0,1.0446128012066225e-05,0.0,0,0,1.25,0.3746428571430308,1.1625594748761916,0.871249999999975,0.3109174212828239,0.6392372584975538,0,0,0,1,0,0.0216023272268077,0,3.656278483058965e-05,1,0.0428555759369666,1,0,0,0,0,1.25,0.9659258262890684,-0.2588190451025206,0.9749279121818236,-0.2225209339563143,0,1914.585,1914.585,1914.585,1914.585,0,0.0003,1,1,0,1914.905,0.0002037069440563588
2023-11-08 07:30:00+00:00,0.0400000000001909,0.1100000000001273,-0.0299999999997453,1.3145122057566105e-05,1.013751582017511e-05,2.089345643074836e-05,0.0,0.0,1,0.4545454545454545,,0.0,0.0003,0.0,0,5.22325497579852e-06,4.700929478230545e-05,0,0,0.9200000000000728,0.3846428571427985,1.025514457161112,0.9849999999999852,0.2438383539502236,1.0457747760718508,0,0,0,1,0,0.1008243388277694,0,0.0002036654559886,1,0.102584995584529,1,0,0,0,0,1.25,0.9659258262890684,-0.2588190451025206,0.9749279121818236,-0.2225209339563143,0,1914.515,1914.515,1914.515,1914.515,0,0.0003,1,0,0,1915.458,0.0002887871722097035
2023-11-08 07:45:00+00:00,-0.0399999999999636,-0.0399999999999636,-0.0399999999999636,3.0150256101779844e-06,7.134717096499376e-06,1.044427327434594e-05,0.0,0.0,1,0.5454545454545454,,0.0,0.0003,0.0,0,3.1333147075152776e-05,0.0,0,0,0.8530000000000655,0.3548928571429731,0.874060735833974,1.0121249999999975,0.186153882197357,-1.6391009223025608,0,0,0,0,1,0.0685770484735626,0,0.0002887037982561,1,0.0723536193252151,1,0,0,0,0,1.25,0.9659258262890684,-0.2588190451025206,0.9749279121818236,-0.2225209339563143,0,1914.905,1914.905,1914.905,1914.905,0,0.0003,1,0,0,1915.555,5.064063007376163e-05
2023-11-08 08:00:00+00:00,0.0,-0.0269999999998162,0.0269999999998162,0.0,4.225150050058256e-06,0.0,0.0,0.0,1,0.1818181818181818,,0.0,0.0003,0.0,0,3.654478458851341e-06,0.0,0,0,0.9700000000000272,0.2883928571429558,0.842323868102849,0.9721250000000056,0.2383073870325812,-1.603496243898824,0,0,0,0,0,0.0615621674811356,0,5.063806573028704e-05,1,0.0,0,1,0,0,1,0.8333333333333334,0.8660254037844387,-0.4999999999999998,0.9749279121818236,-0.2225209339563143,0,1915.458,1915.458,1915.458,1915.458,0,0.0003,0,0,0,1914.185,-0.0007151974232011415
2023-11-08 08:15:00+00:00,0.0499999999999545,-0.0099999999999909,0.1099999999998999,1.833365956113501e-05,1.5977269247358736e-05,2.610250453538576e-05,0.0,0.0,1,0.3636363636363636,,0.0,0.0003,0.0,0,1.04408382948972e-05,2.6102095737243005e-05,0,0,-0.3300000000001546,0.1090357142858145,1.954820027073556,1.083375000000018,0.3422275506568437,1.831018568777778,0,0,0,0,1,0.0381444226044068,0,0.0007157092966458,1,0.0364702482691899,0,1,0,0,1,0.8333333333333334,0.8660254037844387,-0.4999999999999998,0.9749279121818236,-0.2225209339563143,0,1915.555,1915.555,1915.555,1915.555,0,0.0003,1,1,0,1914.345,8.358648719952733e-05
2023-11-08 08:30:00+00:00,0.0,-0.0099999999999909,0.0099999999999909,4.64333757837089e-06,4.908105483013671e-06,5.224155450012091e-06,0.0,0.0,1,0.2727272727272727,,0.0,0.0003,0.0,0,5.224155449964818e-06,5.224155449964818e-06,0,0,-0.5599999999999454,-0.0017499999998594,1.4617716282192603,1.0221250000000168,0.39497429844053,-1.2459671475918623,0,0,0,0,0,0.0322942638359393,0,8.357950108265849e-05,1,0.0,0,1,0,0,1,0.8333333333333334,0.8660254037844387,-0.4999999999999998,0.9749279121818236,-0.2225209339563143,0,1914.185,1914.185,1914.185,1914.185,0,0.0003,1,0,1,1914.705,0.00018805387743592306
2023-11-08 08:45:00+00:00,-0.0199999999999818,-0.0299999999999727,-0.0099999999999909,1.2063504321630656e-05,1.0315919991717363e-05,1.0447328487539488e-05,0.0,0.0,1,0.4545454545454545,,0.0,0.0003,0.0,0,2.0894875270634928e-05,0.0,0,0,-0.7530000000001564,-0.0246785714285024,1.136731709289752,0.9708750000000066,0.4010811950216751,-0.5506989675446393,0,0,0,0,1,0.0289469209612548,0,0.0001880185198241,1,0.0555660029931557,0,1,0,0,1,0.8333333333333333,0.8660254037844387,-0.4999999999999998,0.9749279121818236,-0.2225209339563143,0,1914.345,1914.345,1914.345,1914.345,0,0.0003,0,0,0,1914.455,-0.00013056841654457418
2023-11-08 09:00:00+00:00,-0.0099999999999909,-0.0399999999999636,0.0199999999999818,7.977844172429874e-06,6.325001654315049e-06,1.0445418769933212e-05,0.0,0.0,1,0.1818181818181818,,0.0,0.0003,0.0,0,2.089094664711463e-05,5.222736661778658e-06,0,0,-1.1000000000001364,-0.0729642857142847,0.939148910735894,0.9809999999999944,0.4077923140871839,0.6621017382447704,0,0,0,1,0,0.021453708055798,0,0.0001305854668822,1,0.0399947772633018,0,1,0,0,0,0.8333333333333334,0.7071067811865476,-0.7071067811865475,0.9749279121818236,-0.2225209339563143,0,1914.705,1914.705,1914.705,1914.705,0,0.0003,0,1,0,1914.275,-9.402153615511999e-05
2023-11-08 09:15:00+00:00,-0.1200000000001182,-0.3300000000001546,0.0899999999999181,3.4250930024643485e-05,2.778467390428673e-05,5.745490442909951e-05,0.0,0.0,1,0.3636363636363636,,0.0,0.0003,0.0,0,0.0001149152108563,1.044683735056808e-05,0,0,0.0900000000001455,-0.1406547619046114,0.4260954087319771,1.0981250000000102,0.5476013767853117,1.659738339840548,0,0,0,1,0,0.0797550335012647,0,9.403037703560684e-05,1,0.6666039856438264,0,1,0,0,0,0.8333333333333334,0.7071067811865476,-0.7071067811865475,0.9749279121818236,-0.2225209339563143,0,1914.455,1914.455,1914.455,1914.455,0,0.0003,0,0,0,1914.065,-0.0001097021065417092
2023-11-08 09:30:00+00:00,-0.0199999999999818,0.0,-0.0399999999999636,3.0160021166863064e-06,5.722491563524339e-06,5.2238825462014304e-06,0.0,0.0,1,0.1818181818181818,,0.0,0.0003,0.0,0,1.044781967062298e-05,0.0,0,0,-0.2799999999999727,-0.1783452380952555,0.5376114325052845,1.0793749999999989,0.5446094111510666,0.0195093947742523,0,0,0,1,0,0.029142542517706,0,0.0001097141424142,1,0.0952276474183214,0,1,0,0,0,0.8333333333333334,0.7071067811865476,-0.7071067811865475,0.9749279121818236,-0.2225209339563143,0,1914.275,1914.275,1914.275,1914.275,0,0.0003,1,0,0,1914.555,0.00025599966563305543
2023-11-08 09:45:00+00:00,0.0199999999999818,0.0499999999999545,-0.0099999999999909,1.087578810196173e-05,8.998833348750954e-06,1.5673694577111874e-05,0.0,0.0,1,0.1818181818181818,,0.0,0.0003,0.0,0,0.0,1.5673448916297365e-05,0,0,-0.1499999999998635,-0.0959523809523629,0.8297787897120986,1.0997500000000002,0.531581132095591,-0.4322011940005565,0,0,0,1,0,0.0256842310821992,0,0.0002559341465771,1,0.0408267754965185,0,1,0,0,0,0.8333333333333333,0.7071067811865476,-0.7071067811865475,0.9749279121818236,-0.2225209339563143,0,1914.065,1914.065,1914.065,1914.065,0,0.0003,0,0,0,1914.055,-0.0002611572924257066
2023-11-08 10:00:00+00:00,-0.0099999999999909,0.0099999999999909,-0.0299999999999727,1.507778155278226e-05,1.5287602295000313e-05,1.5669355702296883e-05,0.0,0.0,1,0.3636363636363636,,0.0,0.0003,0.0,0,2.08925833940334e-05,2.08925833940334e-05,0,0,-0.3999999999998636,-0.0233333333333196,1.2437562221479737,1.1285000000000025,0.505661094862128,-0.6100924178953907,0,0,0,1,0,0.0715493554139207,0,0.0002612255133734,1,0.0199947768541333,0,1,0,0,0,0.8333333333333333,0.4999999999999999,-0.8660254037844387,0.9749279121818236,-0.2225209339563143,0,1914.555,1914.555,1914.555,1914.555,0,0.0003,0,0,0,1913.465,-0.00030824610578072953
2023-11-08 10:15:00+00:00,0.0499999999999545,0.0399999999999636,0.0599999999999454,1.596150288383026e-05,1.5021823590505731e-05,2.6123233742847415e-05,0.0,0.0,1,0.4545454545454545,,0.0,0.0003,0.0,0,5.224510267464051e-06,4.17960821398312e-05,0,0,-0.8100000000001728,-0.1109523809523989,1.2634377306960185,1.0135000000000218,0.4567731540772932,-0.4893019609510832,0,0,0,0,1,0.0675038042456697,0,0.0003083411507397,1,0.0847196401604291,0,1,0,0,0,0.8333333333333334,0.4999999999999999,-0.8660254037844387,0.9749279121818236,-0.2225209339563143,0,1914.055,1914.055,1914.055,1914.055,0,0.0003,0,0,1,1912.855,-0.00031879339313756194
2023-11-08 10:30:00+00:00,-0.1000000000001364,-0.1000000000001364,-0.1000000000001364,1.0878761102223307e-05,1.3082247766671976e-05,2.612992320427665e-05,0.0,0.0,1,0.3636363636363636,,0.0,0.0003,0.0,0,5.226121198983855e-05,0.0,0,0,-1.2100000000000364,-0.2151190476189333,1.1844981350227195,1.073125000000033,0.4137495576173677,-0.1598189019965623,0,0,0,1,0,0.0741975333929935,0,0.000318895054774,1,0.1638821650177689,0,1,0,0,0,0.8333333333333335,0.4999999999999999,-0.8660254037844387,0.9749279121818236,-0.2225209339563143,0,1913.465,1913.465,1913.465,1913.465,0,0.0003,1,1,1,1913.385,0.00027707275250876684
2023-11-08 10:45:00+00:00,0.0099999999999909,0.0,0.0199999999999818,7.985649311365133e-06,8.747837262070123e-06,1.0455684886556682e-05,0.0,0.0,1,0.3636363636363636,,0.0,0.0003,0.0,0,0.0,1.5683363349533924e-05,0,0,-1.1700000000000728,-0.2010714285713709,1.107116622206176,1.1068750000000307,0.3941756089793984,-0.2203966912741914,0,0,0,1,0,0.0317947832598978,0,0.0002769960044632,1,0.0188731523160688,0,1,0,0,0,0.8333333333333333,0.4999999999999999,-0.8660254037844387,0.9749279121818236,-0.2225209339563143,0,1912.855,1912.855,1912.855,1912.855,0,0.0003,0,1,1,1912.965,-0.00021950626768796333
2023-11-08 11:00:00+00:00,0.0099999999999909,0.0,0.0199999999999818,3.017444406807208e-06,3.305436097591256e-06,5.2263670216046165e-06,0.0,0.0,1,0.2727272727272727,,0.0,0.0003,0.0,0,0.0,5.226339706849853e-06,0,0,-1.0900000000001455,-0.2173809523808088,1.0262725190941673,1.0367500000000405,0.4142624254537841,-0.8370298117676376,0,0,0,0,1,0.0292523440818934,0,0.0002195544612682,1,0.0238042974697911,0,1,0,0,0,0.8333333333333335,0.258819045102521,-0.9659258262890682,0.9749279121818236,-0.2225209339563143,0,1913.385,1913.385,1913.385,1913.385,0,0.0003,1,1,1,1913.845,0.00046001887122870677
2023-11-08 11:15:00+00:00,-0.1100000000001273,-0.1000000000001364,-0.1200000000001182,6.03623746144693e-06,1.2221902758375451e-05,2.6136752717675904e-05,0.0,0.0,1,0.1818181818181818,,0.0,0.0003,0.0,0,5.7502358903653405e-05,0.0,0,0,0.3800000000001091,-0.1441666666665488,1.2329675643976636,0.940875000000034,0.1803500069309278,1.6585804741029868,0,0,0,0,1,0.0336739751337447,0,0.00045980735117,1,0.1250575023590328,0,1,0,0,0,0.8333333333333334,0.258819045102521,-0.9659258262890682,0.9749279121818236,-0.2225209339563143,0,1912.965,1912.965,1912.965,1912.965,0,0.0003,1,1,1,1915.188,0.0007017287188879617
2023-11-08 11:30:00+00:00,0.0699999999999363,0.1000000000001364,0.0399999999997362,6.033580168003725e-06,7.866880474006264e-06,1.56758239604482e-05,0.0,0.0,1,0.4545454545454545,,0.0,0.0003,0.0,0,0.0,5.747591889631988e-05,0,0,2.333000000000084,0.0287023809525005,1.1662533262152397,1.0308750000000657,0.357775443340039,2.177692780495297,0,0,0,1,0,0.0431495859939865,0,0.0007012366409982,1,0.052158690253354,0,1,0,0,0,0.8333333333333334,0.258819045102521,-0.9659258262890682,0.9749279121818236,-0.2225209339563143,0,1913.845,1913.845,1913.845,1913.845,0,0.0003,1,1,1,1915.615,0.00022295461333299293
2023-11-08 11:45:00+00:00,-0.0399999999999636,-0.0399999999999636,-0.0399999999999636,4.7377101509829455e-06,4.849567792251502e-06,1.0442620930750657e-05,0.0,0.0,1,0.0909090909090909,,0.0,0.0003,0.0,0,2.088567806396219e-05,0.0,0,0,2.230000000000018,0.2629166666666263,1.087600046261105,1.0380000000000391,0.354668054061054,-0.3129687005332149,0,0,0,0,1,0.0117264434659131,0,0.0002229049156536,1,0.0936977006662895,0,1,0,0,0,0.8333333333333333,0.258819045102521,-0.9659258262890682,0.9749279121818236,-0.2225209339563143,0,1915.188,1915.188,1915.188,1915.188,0,0.0003,1,1,1,1916.825,0.0006316509319461705
2023-11-08 12:00:00+00:00,-0.0299999999999727,-0.0699999999999363,0.0099999999999909,9.041606391384116e-06,6.938406026194488e-06,1.566052165191678e-05,0.0,0.0,1,0.0909090909090909,,0.0,0.0003,0.0,0,3.654178945139621e-05,0.0,0,0,3.8600000000001273,0.519154761904901,0.6205133740985572,1.1392500000000323,0.3966742996464412,1.2371610674985962,0,0,0,0,1,0.0159122102001872,0,0.0006312522009051,1,0.0248090491966365,0,1,0,0,0,0.8333333333333334,1.2246467991473532e-16,-1.0,0.9749279121818236,-0.2225209339563143,0,1915.615,1915.615,1915.615,1915.615,0,0.0003,1,0,1,1917.055,0.00011999008777530129
2023-11-08 12:15:00+00:00,-0.0199999999999818,0.0,-0.0399999999999636,6.023964057488932e-06,6.598956426154113e-06,1.0433811810539597e-05,0.0,0.0,1,0.0909090909090909,,0.0,0.0003,0.0,0,1.043392067610857e-05,0.0,0,0,3.2100000000000364,0.6653928571429857,0.9028181960671556,1.1205000000000211,0.4184863882408333,-1.148185493009153,0,0,0,0,1,0.0212574181453032,0,0.0001199756918815,1,0.0869669556597205,0,1,0,0,0,0.8333333333333335,1.2246467991473532e-16,-1.0,0.9749279121818236,-0.2225209339563143,0,1916.825,1916.825,1916.825,1916.825,0,0.0003,1,0,0,1917.275,0.00011475935745197674
2023-11-08 12:30:00+00:00,0.0900000000001455,0.0499999999999545,0.1300000000003365,2.6083114369280865e-05,2.788138303085472e-05,4.173307006727356e-05,0.0,0.0,1,0.5454545454545454,,0.0,0.0003,0.0,0,0.0,5.73796787260289e-05,0,0,2.086999999999989,0.6791309523809312,0.8578227946163336,1.065875000000034,0.4617069068761303,-1.0740038596236696,0,0,0,1,0,0.0698169404211345,0,0.0001147461892529,1,0.4091378561013866,0,1,0,0,0,0.8333333333333334,1.2246467991473532e-16,-1.0,0.9749279121818236,-0.2225209339563143,0,1917.055,1917.055,1917.055,1917.055,0,0.0003,0,0,1,1916.185,-0.0005685152103898083
2023-11-08 12:45:00+00:00,0.0099999999999909,-0.0599999999999454,0.0799999999999272,7.967239388082394e-06,1.0431341176592195e-05,1.0431580566905296e-05,0.0,0.0,1,0.3636363636363636,,0.0,0.0003,0.0,0,2.086294350052216e-05,1.043147175026108e-05,0,0,0.5699999999999363,0.5535833333333614,1.5877172400730506,1.133375000000029,0.4924889955260463,0.8662630106977752,0,0,0,0,1,0.0274464841794976,0,0.0005688386037883,1,0.0091690961907208,0,1,0,0,0,0.8333333333333334,1.2246467991473532e-16,-1.0,0.9749279121818236,-0.2225209339563143,0,1917.275,1917.275,1917.275,1917.275,0,0.0003,0,1,1,1915.935,-0.00013046756967616258
2023-11-08 13:00:00+00:00,0.0099999999999909,0.0299999999999727,-0.0099999999999909,3.013035183103213e-06,4.366341861846348e-06,5.21873002212736e-06,0.0,0.0,1,0.1818181818181818,,0.0,0.0003,0.0,0,0.0,1.5656108361130433e-05,0,0,-0.8900000000001,0.2955357142857933,0.957741903862166,1.227125000000029,0.4667429508228602,0.4560861596832476,0,0,0,0,1,0.0136118190978648,0,0.000130484593684,1,0.0399947812971765,0,1,1,1,1,0.6666666666666667,-0.2588190451025208,-0.9659258262890684,0.9749279121818236,-0.2225209339563143,0,1916.185,1916.185,1916.185,1916.185,0,0.0003,1,1,1,1916.965,0.000537596525978179
2023-11-08 13:15:00+00:00,-0.0800000000001546,-0.1300000000001091,-0.0300000000002,7.97249961798265e-06,6.101569656571086e-06,2.087677224238416e-05,0.0,0.0,1,0.2727272727272727,,0.0,0.0003,0.0,0,6.26326049683931e-05,0.0,0,0,-0.0900000000001455,0.1468928571430574,1.214712852423691,1.230875000000026,0.4669816262827559,0.0837827396152537,0,0,0,0,1,0.0236545456272262,0,0.0005373076712407,1,0.0777116579827525,0,1,1,1,1,0.6666666666666666,-0.2588190451025208,-0.9659258262890684,0.9749279121818236,-0.2225209339563143,0,1915.935,1915.935,1915.935,1915.935,0,0.0003,0,1,1,1916.885,-4.173263465945265e-05
2023-11-08 13:30:00+00:00,-0.0600000000001728,-0.0400000000001909,-0.0800000000001546,1.0884626533577909e-10,1.0775123203662198e-05,1.0433049815183892e-05,0.0,0.0,1,0.3636363636363636,,0.0,0.0003,0.0,0,3.12994759946962e-05,0.0,0,0,-0.3900000000001,0.0611904761904928,1.049643542348043,1.1921250000000043,0.4228361511439517,0.7281189159608581,0,0,0,1,0,0.0231774727488969,0,4.173437634491753e-05,1,0.7499687005268475,0,1,1,1,1,0.6666666666666667,-0.2588190451025208,-0.9659258262890684,0.9749279121818236,-0.2225209339563143,0,1916.965,1916.965,1916.965,1916.965,0,0.0003,1,1,1,1917.795,0.0004747285309238958
2023-11-08 13:45:00+00:00,0.0,0.0399999999999636,-0.0399999999999636,9.035733962819536e-06,7.854164067351779e-06,1.0433594086256548e-05,0.0,0.0,1,0.5454545454545454,,0.0,0.0003,0.0,0,1.0433594086229382e-05,1.0433594086229382e-05,0,0,1.610000000000127,0.0566666666668047,0.8698070390276365,1.2300000000000182,0.4090406895581689,0.0,0,0,0,0,0,0.0230788476637698,0,0.0004745032706833,1,0.0,0,1,1,1,1,0.6666666666666666,-0.2588190451025208,-0.9659258262890684,0.9749279121818236,-0.2225209339563143,0,1916.885,1916.885,1916.885,1916.885,0,0.0003,1,1,1,1918.455,0.00034414522928671865
2023-11-08 14:00:00+00:00,-0.0199999999999818,0.0199999999999818,-0.0599999999999454,2.3512233459380698e-05,1.73460202166238e-05,2.607092856821147e-05,0.0,0.0,1,0.5454545454545454,,0.0,0.0003,0.0,0,3.128592993513145e-05,0.0,0,0,2.519999999999982,0.1848809523809921,0.6826839325896114,1.1762500000000389,0.3758775446490294,0.063185471806205,0,0,0,0,1,0.0350209879641224,0,0.0003440268340929,1,0.0303134589463211,0,1,1,1,0,0.6666666666666666,-0.4999999999999998,-0.8660254037844388,0.9749279121818236,-0.2225209339563143,0,1917.795,1917.795,1917.795,1917.795,0,0.0003,0,1,0,1918.375,-4.1700222314311475e-05
2023-11-08 14:15:00+00:00,0.0169999999998253,-0.0030000000001564,0.0369999999998071,1.1612708122919583e-05,8.990653762471575e-06,1.0425055578577869e-05,0.0,0.0,1,0.4545454545454545,,0.0,0.0003,0.0,0,1.0425055578568072e-05,8.861297241699897e-06,0,0,1.410000000000082,0.2922619047619839,0.8024572678268314,1.201250000000016,0.3400603937957907,-1.062311302906482,0,0,0,0,1,0.0165443244983122,0,4.1701961295329247e-05,1,0.2124911387007687,0,1,1,1,0,0.6666666666666666,-0.4999999999999998,-0.8660254037844388,0.9749279121818236,-0.2225209339563143,0,1918.455,1918.455,1918.455,1918.455,0,0.0003,1,1,0,1918.625,0.0001303186290479985
2023-11-08 14:30:00+00:00,0.0299999999999727,0.0799999999999272,-0.0199999999999818,1.3791863568119095e-05,1.1261132725811867e-05,1.5638480044044556e-05,0.0,0.0,1,0.5454545454545454,,0.0,0.0003,0.0,0,0.0,4.1701961295329247e-05,0,0,1.740000000000009,0.41261904761907,0.8317140165732498,1.456249999999983,0.5176026468247396,2.229026468619619,0,0,0,1,0,0.039928535749016,0,0.0001303016483158,1,0.1200156382353766,0,1,1,1,0,0.6666666666666666,-0.4999999999999998,-0.8660254037844388,0.9749279121818236,-0.2225209339563143,0,1918.375,1918.375,1918.375,1918.375,0,0.0003,1,0,0,1918.905,0.00014593784611371952
2023-11-08 14:45:00+00:00,0.0099999999999909,0.0299999999999727,-0.0099999999999909,1.311673775681873e-05,1.1299581156737285e-05,1.563627929512812e-05,0.0,0.0,1,0.7272727272727273,,0.0,0.0003,0.0,0,1.0424131865258617e-05,2.6060329663146537e-05,0,0,1.1099999999999,0.4073809523810748,0.6922691121671375,1.397500000000008,0.5306532362502094,-0.579474464666927,0,0,0,1,0,0.0513428620737053,0,0.0001459165513665,1,0.0357194977801893,0,1,1,1,0,0.6666666666666666,-0.4999999999999998,-0.8660254037844388,0.9749279121818236,-0.2225209339563143,0,1918.625,1918.625,1918.625,1918.625,0,0.0003,0,0,0,1918.508,-0.0002068888246160583
2023-11-08 15:00:00+00:00,0.0599999999999454,0.0799999999999272,0.0399999999999636,1.0422828078249217e-05,8.510230100359985e-06,2.0845656156120995e-05,0.0,0.0,1,0.3636363636363636,,0.0,0.0003,0.0,0,0.0,3.126783243565754e-05,0,0,0.0530000000001109,0.2775119047619334,0.8113881789695021,1.3733749999999816,0.5328277495722742,-0.2371779624870986,0,0,0,0,1,0.0550904620897445,0,0.0002069316364591,1,0.1511022334268976,0,1,1,1,0,0.6666666666666666,-0.7071067811865471,-0.7071067811865479,0.9749279121818236,-0.2225209339563143,0,1918.905,1918.905,1918.905,1918.905,0,0.0003,0,0,0,1917.385,-0.0005853506996061908
2023-11-08 15:15:00+00:00,-0.015999999999849,-0.0099999999999909,-0.0219999999997071,4.814953738897916e-06,4.394061777875094e-06,8.339744511864922e-06,0.0,0.0,1,0.2727272727272727,,0.0,0.0003,0.0,0,1.0424767579797327e-05,0.0,0,0,-0.9900000000000092,0.1031547619049616,1.5380660439181089,1.4124999999999943,0.5356368705968911,0.3183126654632481,0,0,0,1,0,0.0200444168655871,0,0.000585693535727,1,0.0142392113879383,0,1,1,1,0,0.6666666666666667,-0.7071067811865471,-0.7071067811865479,0.9749279121818236,-0.2225209339563143,0,1918.508,1918.508,1918.508,1918.508,0,0.0003,1,0,1,1917.995,0.0003181416356130562
2023-11-08 15:30:00+00:00,0.0599999999999454,0.0799999999999272,0.0399999999999636,1.0880774059758036e-10,8.516976716710722e-06,1.043119971844142e-05,0.0,0.0,1,0.8181818181818182,,0.0,0.0003,0.0,0,0.0,3.129261989634081e-05,0,0,-0.6300000000001091,-0.0389404761903246,1.4979593048671402,1.4212500000000148,0.5378376680215302,0.2765704390831069,0,0,0,1,0,0.026474773306764,0,0.0003180404537029,1,0.0983919483575279,0,1,1,1,0,0.6666666666666666,-0.7071067811865471,-0.7071067811865479,0.9749279121818236,-0.2225209339563143,0,1917.385,1917.385,1917.385,1917.385,0,0.0003,0,1,0,1917.895,-5.2137779295469144e-05
2023-11-08 15:45:00+00:00,0.0199999999999818,0.0,0.0399999999999636,1.204076714275874e-05,1.1422874684050624e-05,1.0427664594248045e-05,0.0,0.0,1,0.5454545454545454,,0.0,0.0003,0.0,0,0.0,1.0427555859103807e-05,0,0,-1.009999999999991,-0.1182976190475653,1.1643139621794512,1.3871249999999975,0.55991337021262,-0.7681991945232225,0,0,0,0,1,0.0357567321479997,0,5.2140497785284935e-05,1,0.1999895724441409,0,1,1,1,0,0.6666666666666667,-0.7071067811865471,-0.7071067811865479,0.9749279121818236,-0.2225209339563143,0,1917.995,1917.995,1917.995,1917.995,0,0.0003,0,1,0,1917.325,-0.0002972008373763879
2023-11-08 16:00:00+00:00,-0.0099999999999909,0.0199999999999818,-0.0399999999999636,3.010317347252934e-06,5.38506500453156e-06,5.214022592348044e-06,0.0,0.0,1,0.6363636363636364,,0.0,0.0003,0.0,0,5.214049778528494e-06,5.214049778528494e-06,0,0,-1.1829999999999927,-0.1768214285713512,1.0193245238040878,1.337124999999986,0.595725353185994,-0.9016319300957022,0,0,0,1,0,0.0356785779552479,0,0.0002972891919731,1,0.0175386455993302,0,0,1,0,1,0.7692307692307692,-0.8660254037844384,-0.5000000000000004,0.9749279121818236,-0.2225209339563143,0,1917.895,1917.895,1917.895,1917.895,0,0.0003,1,1,1,1918.035,0.0003703075900016728
2023-11-08 16:15:00+00:00,0.0370000000000345,0.0800000000001546,-0.0060000000000854,3.5502450861910053e-06,5.170415112070531e-06,1.0431362935880983e-05,0.0,0.0,1,0.8181818181818182,,0.0,0.0003,0.0,0,0.0,2.60779992958703e-05,0,0,0.650000000000091,-0.1578452380951831,0.8589856996865339,1.3758749999999793,0.5682166180252064,-0.3975156530710543,0,0,0,1,0,0.0205750194907469,0,0.0003701705130511,1,0.052131973775863,0,0,1,0,1,0.7692307692307693,-0.8660254037844384,-0.5000000000000004,0.9749279121818236,-0.2225209339563143,0,1917.325,1917.325,1917.325,1917.325,0,0.0003,1,0,1,1918.245,0.00010948705315594331
2023-11-08 16:30:00+00:00,0.0099999999999909,0.0400000000001909,-0.0200000000002091,6.020242323584525e-06,7.123342280644199e-06,5.2136963804017e-06,0.0,0.0,1,0.6363636363636364,,0.0,0.0003,0.0,0,0.0,5.2136691978983205e-06,0,0,0.25,-0.0864880952380475,0.828344957873484,1.1533750000000111,0.3021248263786109,-1.0703357412760768,0,0,0,1,0,0.0172213130665413,0,0.0001094750670533,1,0.0476242612882455,0,0,1,0,1,0.7692307692307692,-0.8660254037844384,-0.5000000000000004,0.9749279121818236,-0.2225209339563143,0,1918.035,1918.035,1918.035,1918.035,0,0.0003,0,0,1,1917.845,-0.00020852393724468676
2023-11-08 16:45:00+00:00,0.0899999999999181,0.1099999999998999,0.0699999999999363,5.213533276462186e-06,8.9794110794321e-06,2.0853372120654967e-05,0.0,0.0,1,0.8181818181818182,,0.0,0.0003,0.0,0,0.0,4.691788588001957e-05,0,0,-0.0499999999999545,-0.0094166666666499,0.951670783424146,1.1121249999999918,0.3329673675559901,-1.057536066025417,0,0,0,0,1,0.0217160000581764,0,0.000208567428546,1,0.224953082113992,0,0,1,0,1,0.7692307692307692,-0.8660254037844384,-0.5000000000000004,0.9749279121818236,-0.2225209339563143,0,1918.245,1918.245,1918.245,1918.245,0,0.0003,0,1,1,1917.635,-0.00010949789998671022
2023-11-08 17:00:00+00:00,0.0799999999999272,0.0799999999999272,0.0799999999999272,1.0854621953769416e-05,1.2191653807079876e-05,2.6071880173672568e-05,0.0,0.0,1,0.7272727272727273,,0.0,0.0003,0.0,0,0.0,4.171348570918257e-05,0,0,0.3099999999999454,0.0328571428572584,0.8861023763696033,1.071249999999992,0.3341140737618681,-0.4526897005480425,0,0,0,0,1,0.0366902074231655,0,0.0001095098910898,1,0.3809106674662593,0,0,1,0,0,0.7692307692307693,-0.9659258262890684,-0.2588190451025206,0.9749279121818236,-0.2225209339563143,0,1917.845,1917.845,1917.845,1917.845,0,0.0003,1,1,1,1917.665,1.564427015576797e-05
2023-11-08 17:15:00+00:00,-0.0399999999999636,-0.0599999999999454,-0.0199999999999818,6.021388190597816e-06,5.712360619831134e-06,1.0429404663447883e-05,0.0,0.0,1,0.0,,0.0,0.0003,0.0,0,3.1288540311344666e-05,0.0,0,0,-0.3700000000001182,-0.0219047619046063,0.5678723366845821,0.9371249999999804,0.3141025480862989,-1.3598265999505297,0,0,0,0,1,0.0218641373556269,0,1.5644025416312397e-05,1,1.3333541923602077,0,0,1,0,0,0.7692307692307692,-0.9659258262890684,-0.2588190451025206,0.9749279121818236,-0.2225209339563143,0,1917.635,1917.635,1917.635,1917.635,0,0.0003,1,1,0,1918.545,0.00045889141221233665
2023-11-08 17:30:00+00:00,0.0199999999999818,0.0399999999999636,0.0,1.204283918017884e-05,1.0771456862435508e-05,1.042945904994319e-05,0.0,0.0,1,0.3636363636363636,,0.0,0.0003,0.0,0,0.0,1.04293502775416e-05,0,0,0.3000000000001819,0.0553571428573571,1.1816628334592691,0.937124999999952,0.3141025480862334,2.0148674496783623,0,0,0,1,0,0.0284542129571338,0,0.0004586809274737,1,0.0227377020775267,0,0,1,0,0,0.7692307692307692,-0.9659258262890684,-0.2588190451025206,0.9749279121818236,-0.2225209339563143,0,1917.665,1917.665,1917.665,1917.665,0,0.0003,1,1,0,1918.854,0.00016105955294243302
2023-11-08 17:45:00+00:00,-0.0599999999999454,-0.099999999999909,-0.0199999999999818,9.02768063937004e-06,6.312232978616684e-06,2.0848589723176936e-05,0.0,0.0,1,0.2727272727272727,,0.0,0.0003,0.0,0,4.691054940067506e-05,0.0,0,0,1.0090000000000146,0.1345595238096648,1.045961031113981,0.8971249999999884,0.331124248367749,-0.785581247166534,0,0,0,0,1,0.0386843315994923,0,0.00016103361694,1,0.1942060309809967,0,0,1,0,0,0.7692307692307692,-0.9659258262890684,-0.2588190451025206,0.9749279121818236,-0.2225209339563143,0,1918.545,1918.545,1918.545,1918.545,0,0.0003,1,0,0,1919.945,0.0005685685310086175
2023-11-08 18:00:00+00:00,0.0299999999999727,0.0299999999999727,0.0299999999999727,8.579252892187377e-06,6.960843108582025e-06,1.0423099673584346e-05,0.0,0.0,1,0.5454545454545454,,0.0,0.0003,0.0,0,0.0,2.0324631264279236e-05,0,0,2.309999999999945,0.2207738095238161,1.0974471458632806,0.9667499999999905,0.364647285547422,1.0702122721525889,0,0,0,1,0,0.0323846932178917,0,0.0005682454445309,1,0.027513342856009,0,0,1,0,0,0.7692307692307692,-1.0,-1.8369701987210294e-16,0.9749279121818236,-0.2225209339563143,0,1918.854,1918.854,1918.854,1918.854,0,0.0003,1,0,0,1920.064,6.198094216247618e-05
2023-11-08 18:15:00+00:00,0.0199999999999818,0.0,0.0399999999999636,7.956156569526802e-06,6.588318657890831e-06,1.041707358351296e-05,0.0,0.0,1,0.3636363636363636,,0.0,0.0003,0.0,0,0.0,1.0416965069302407e-05,0,0,2.3990000000001146,0.3305952380951359,0.9266555176980512,1.180125000000004,0.765880154276265,2.189474411416975,0,0,0,1,0,0.0527764315489502,0,6.197710076338178e-05,1,0.1680776438554724,0,0,1,0,0,0.7692307692307692,-1.0,-1.8369701987210294e-16,0.9749279121818236,-0.2225209339563143,0,1919.945,1919.945,1919.945,1919.945,0,0.0003,0,0,0,1915.165,-0.0025514774507516824
2023-11-08 18:30:00+00:00,0.2000000000000454,0.4490000000000691,-0.0489999999999781,5.419220785144176e-05,6.411589789258119e-05,8.802885679681793e-05,0.0,0.0,1,0.4545454545454545,,0.0,0.0003,0.0,0,0.0,0.0002546790106996,0,0,-3.380000000000109,0.0063571428572865,2.631133529747144,1.714999999999975,1.5643687910098516,2.169565143145696,0,0,0,0,1,0.0595009430985592,0,0.0025580041406354,0,0.0407204948989365,0,0,1,0,0,0.7692307692307692,-1.0,-1.8369701987210294e-16,0.9749279121818236,-0.2225209339563143,0,1920.064,1920.064,1920.064,1920.064,0,0.0003,1,0,1,1915.955,0.0004124970955505791
2023-11-08 18:45:00+00:00,-0.0399999999999636,-0.1000000000001364,0.0200000000002091,6.029153890130274e-06,1.3879696542513884e-05,1.0442855389980464e-05,0.0,0.0,1,0.3636363636363636,,0.0,0.0003,0.0,0,5.221482222165528e-05,0.0,0,0,-2.8990000000001146,-0.2215714285712313,1.7305523338818734,2.0112499999999613,1.5819895024032782,0.7071791552980422,0,0,0,0,1,0.0112933688985653,0,0.0004123270118556,1,0.0506537973212499,0,0,1,0,0,0.7692307692307692,-1.0,-1.8369701987210294e-16,0.9749279121818236,-0.2225209339563143,0,1915.165,1915.165,1915.165,1915.165,0,0.0003,0,1,1,1914.695,-0.0006576354872634971
2023-11-08 19:00:00+00:00,-0.0199999999999818,-0.0399999999999636,0.0,3.0133575640465407e-06,2.695214874570964e-06,5.21930202268539e-06,0.0,0.0,1,0.2727272727272727,,0.0,0.0003,0.0,0,1.5657987791974612e-05,0.0,0,0,-5.25,-0.5319999999998838,1.188213583620091,2.2024999999999864,1.5225869902429194,0.1625522886942387,0,0,0,1,0,0.0100844574564812,0,0.0006580682563019,1,0.0158625772144735,0,0,1,0,0,0.7692307692307693,-0.9659258262890684,0.2588190451025203,0.9749279121818236,-0.2225209339563143,0,1915.955,1915.955,1915.955,1915.955,0,0.0003,1,1,1,1914.855,8.356422302258082e-05
2023-11-08 19:15:00+00:00,-0.0499999999999545,-0.0099999999999909,-0.0899999999999181,3.015253929480833e-06,1.2969476481987273e-05,1.0445364216793427e-05,0.0,0.0,1,0.2727272727272727,,0.0,0.0003,0.0,0,2.6113819694496787e-05,5.222763938899357e-06,0,0,-5.20900000000006,-0.7558809523809029,0.9580498011208352,2.4399999999999977,1.3604173729305575,-0.0220520559328723,0,0,0,0,1,0.0121752271466484,0,8.35572406266176e-05,1,0.3125261138192504,0,0,1,0,0,0.7692307692307693,-0.9659258262890684,0.2588190451025203,0.9749279121818236,-0.2225209339563143,0,1914.695,1914.695,1914.695,1914.695,0,0.0003,1,1,1,1917.095,0.0011698013687719833
2023-11-08 19:30:00+00:00,0.0,-0.0399999999999636,0.0399999999999636,9.045265775733548e-06,7.134991219350632e-06,1.044454598864153e-05,0.0,0.0,1,0.4545454545454545,,0.0,0.0003,0.0,0,1.5666982617468538e-05,0.0,0,0,1.930000000000064,-0.6319047619046934,0.6223603340889664,2.8574999999999875,1.554013145743176,1.3207738979700197,0,0,0,0,0,0.0087735856297209,0,0.0011684345324566,0,0.0,0,0,1,0,0,0.7692307692307692,-0.9659258262890684,0.2588190451025203,0.9749279121818236,-0.2225209339563143,0,1914.855,1914.855,1914.855,1914.855,0,0.0003,0,1,1,1916.024,-0.0005586577608308607
2023-11-08 19:45:00+00:00,0.0299999999999727,-0.0399999999999636,0.099999999999909,9.034909132614584e-06,1.174136221604844e-05,1.0432668859250429e-05,0.0,0.0,1,0.4545454545454545,,0.0,0.0003,0.0,0,1.564867677395889e-05,2.086490236527852e-05,0,0,0.0689999999999599,-0.5295476190474235,0.7915505216354766,3.1828749999999677,1.26905098822473,0.0450139517876691,0,0,0,0,1,0.0156223563540885,0,0.0005589700337783,1,0.0279955558049896,0,0,1,0,0,0.7692307692307693,-0.9659258262890684,0.2588190451025203,0.9749279121818236,-0.2225209339563143,0,1917.095,1917.095,1917.095,1917.095,0,0.0003,1,1,1,1917.615,0.0008303653816446044
2023-11-08 20:00:00+00:00,0.1789999999998599,0.1199999999998908,0.237999999999829,2.9629423470556605e-05,2.995312833225035e-05,5.898180698338251e-05,0.0,0.0,1,0.3636363636363636,,0.0,0.0003,0.0,0,0.0,9.34226293615633e-05,0,0,2.9200000000000728,-0.1103333333332221,0.8366296416518653,3.7057499999999943,1.271021271037023,1.4431308443041526,0,0,0,1,0,0.0192044102249901,0,0.0008296764470449,1,0.1126012793231681,0,0,1,0,0,0.7692307692307692,-0.8660254037844386,0.5000000000000001,0.9749279121818236,-0.2225209339563143,0,1916.024,1916.024,1916.024,1916.024,0,0.0003,1,1,0,1918.685,0.00055798478839586
2023-11-08 20:15:00+00:00,-0.0399999999999636,-0.0899999999999181,0.0099999999999909,1.3123424768592956e-05,1.858344514347633e-05,2.085880932700679e-05,0.0,0.0,1,0.2727272727272727,,0.0,0.0003,0.0,0,2.0859244425999807e-05,0.0,0,0,3.8299999999999272,0.4662738095238983,0.9596284916520182,3.734874999999988,1.2513107913018962,-0.5153595769194361,0,0,0,0,1,0.028405990484735,0,0.0005576736150019,1,0.0374040368144876,0,0,1,0,0,0.7692307692307693,-0.8660254037844386,0.5000000000000001,0.9749279121818236,-0.2225209339563143,0,1917.615,1917.615,1917.615,1917.615,0,0.0003,1,0,0,1919.135,0.0002345356324775505
2023-11-08 20:30:00+00:00,0.0499999999999545,0.0499999999999545,0.0499999999999545,7.961502942102525e-06,8.977202493793249e-06,1.5636116301509517e-05,0.0,0.0,1,0.4545454545454545,,0.0,0.0003,0.0,0,0.0,3.127141766363183e-05,0,0,2.039999999999964,0.5883214285715291,0.8114379471889089,3.446249999999992,1.151383484583426,-0.5612812834759853,0,0,0,1,0,0.0185482835127018,0,0.0002344806384126,1,0.1111371706257185,0,0,1,0,0,0.7692307692307692,-0.8660254037844386,0.5000000000000001,0.9749279121818236,-0.2225209339563143,0,1918.685,1918.685,1918.685,1918.685,0,0.0003,0,0,0,1918.535,-0.0003126408512167389
2023-11-08 20:45:00+00:00,0.0699999999999363,0.1269999999999527,0.0129999999999199,2.1059484094247384e-05,1.47032784688779e-05,3.647609643242511e-05,0.0,0.0,1,0.3636363636363636,,0.0,0.0003,0.0,0,0.0,4.689612768248099e-05,0,0,2.511000000000194,0.650488095238247,0.751625167167935,3.2162500000000023,1.3838862205501676,-1.39191356297648,0,0,0,0,1,0.0305916570176904,0,0.000312738626087,1,0.1166301919006029,0,0,1,0,0,0.7692307692307693,-0.8660254037844386,0.5000000000000001,0.9749279121818236,-0.2225209339563143,0,1919.135,1919.135,1919.135,1919.135,0,0.0003,0,0,0,1917.634,-0.000469629170174124
2023-11-08 21:00:00+00:00,0.0900000000001455,0.0500000000001819,0.1300000000001091,1.3791257619708868e-05,1.6943986420941308e-05,3.127532975932823e-05,0.0,0.0,1,0.3636363636363636,,0.0,0.0003,0.0,0,0.0,4.691079391313972e-05,0,0,0.0190000000000054,0.4411428571430047,0.8239242187362439,3.147125000000017,1.4402897959884944,-0.867967685032354,0,0,0,0,1,0.0218614453618848,0,0.0004698498253577,1,0.0998421014148979,0,0,0,0,1,1.0,-0.7071067811865477,0.7071067811865474,0.9749279121818236,-0.2225209339563143,0,1918.535,1918.535,1918.535,1918.535,0,0.0003,0,0,0,1915.825,-0.0009433499823219282
2023-11-08 21:15:00+00:00,0.0160000000000763,-0.0239999999998872,0.05600000000004,4.817228617473042e-06,1.0324606721002426e-05,8.343684717138089e-06,0.0,0.0,1,0.2727272727272727,,0.0,0.0003,0.0,0,1.2515422650978876e-05,8.34361510073163e-06,0,0,-2.8599999999999,0.028214285714432,0.944703929546032,3.101249999999993,1.4726043741810633,-0.7186247837873011,0,0,0,0,1,0.0264167302986906,0,0.0009442407317996,1,0.0088363219460251,0,0,0,0,1,1.0,-0.7071067811865477,0.7071067811865474,0.9749279121818236,-0.2225209339563143,0,1917.634,1917.634,1917.634,1917.634,0,0.0003,0,0,0,1913.605,-0.0011587697206164593
2023-11-08 21:30:00+00:00,-0.0299999999999727,0.0,-0.0599999999999454,2.724453995746936e-11,1.8380385014631827e-05,5.219656181276733e-06,0.0,0.0,1,0.2727272727272727,,0.0,0.0003,0.0,0,3.1318100557172724e-05,5.219683426195454e-06,0,0,-5.529999999999973,-0.3528095238094614,0.856307790389823,2.8600000000000136,1.2793669193338768,0.0937963911576551,0,0,0,1,0,0.0225070189969174,0,0.0011601140256218,0,0.0134978544632224,0,0,0,0,1,1.0,-0.7071067811865477,0.7071067811865474,0.9749279121818236,-0.2225209339563143,0,1915.825,1915.825,1915.825,1915.825,0,0.0003,1,1,1,1913.965,0.00018812659874933857
2023-11-08 21:45:00+00:00,0.099999999999909,0.2000000000000454,-2.273736754432321e-13,2.681766764439968e-05,1.76965484938389e-05,4.7033861767520335e-05,0.0,0.0,1,0.4545454545454545,,0.0,0.0003,0.0,0,0.0,8.883756052062612e-05,0,0,-4.570000000000164,-0.735488095237859,1.2201091449249664,2.65625,1.338626454883684,-0.7815847327557939,0,0,0,1,0,0.0305039734381459,0,0.0001880912137891,1,0.2778300351661438,0,0,0,0,1,1.0,-0.7071067811865477,0.7071067811865474,0.9749279121818236,-0.2225209339563143,0,1913.605,1913.605,1913.605,1913.605,0,0.0003,1,1,1,1914.855,0.00046500327853449264
2023-11-08 22:00:00+00:00,0.0399999999999636,0.0899999999999181,-0.0099999999999909,7.981122258615162e-06,1.1327485759960435e-05,1.5674595399417512e-05,0.0,0.0,1,0.4545454545454545,,0.0,0.0003,0.0,0,0.0,5.2247559385834674e-05,0,0,-2.7789999999999964,-0.8245119047617667,1.413675359835288,2.164999999999992,0.6960560322272701,-0.7973496016174901,0,0,0,1,0,0.0143862231458441,0,0.0004647871509853,1,0.0449647192484275,0,0,0,0,0,1.0,-0.5000000000000004,0.8660254037844384,0.9749279121818236,-0.2225209339563143,0,1913.965,1913.965,1913.965,1913.965,0,0.0003,0,0,0,1914.665,-9.922422324404323e-05
2023-11-08 22:15:00+00:00,-0.0699999999999363,-0.0599999999999454,-0.0799999999999272,3.0148760328918334e-06,1.04443550884496e-05,1.566640991157442e-05,0.0,0.0,1,0.5454545454545454,,0.0,0.0003,0.0,0,3.655629277409325e-05,0.0,0,0,-1.160000000000082,-0.7490119047618675,1.1310912880674957,1.901124999999979,0.6954329458279206,-1.3259725549849593,0,0,0,1,0,0.0181298745727505,0,9.923406966756826e-05,1,0.3683844963383639,0,0,0,0,0,1.0,-0.5000000000000004,0.8660254037844384,0.9749279121818236,-0.2225209339563143,0,1914.855,1914.855,1914.855,1914.855,0,0.0003,0,1,0,1914.425,-0.0001253482985273946
2023-11-08 22:30:00+00:00,-0.0099999999999909,-0.0099999999999909,-0.0099999999999909,3.015395663452002e-06,2.132206721587419e-06,5.22281849402173e-06,0.0,0.0,1,0.0909090909090909,,0.0,0.0003,0.0,0,5.222845771971026e-06,0.0,0,0,0.8199999999999363,-0.5495833333332193,0.4641700381089789,1.6873749999999743,0.6402927762248882,-0.932971637634472,0,0,0,1,0,0.0105103944247811,0,0.0001253640126931,1,0.0416614438208552,0,0,0,0,0,1.0,-0.5000000000000004,0.8660254037844384,0.9749279121818236,-0.2225209339563143,0,1914.665,1914.665,1914.665,1914.665,0,0.0003,0,0,0,1914.255,-8.879950899087774e-05
2023-11-08 22:45:00+00:00,0.0599999999999454,0.0499999999999545,0.0699999999999363,1.809530374371601e-05,1.3385901147740142e-05,3.134198546250744e-05,0.0,0.0,1,0.1818181818181818,,0.0,0.0003,0.0,0,0.0,3.1341003173248065e-05,0,0,0.290000000000191,-0.3164642857142009,0.5480766922962562,1.601124999999996,0.7401533504233231,-1.3525913237132232,0,0,0,0,1,0.0170270319650278,0,8.880739504394419e-05,1,0.3529098354674149,0,0,0,0,0,1.0,-0.5000000000000004,0.8660254037844384,0.9749279121818236,-0.2225209339563143,0,1914.425,1914.425,1914.425,1914.425,0,0.0003,1,0,0,1915.015,0.0003970212954909069
2023-11-08 23:00:00+00:00,-0.0599999999999454,-0.0699999999999363,-0.0499999999999545,5.223841614003971e-06,7.68925112383923e-06,1.5671483906687378e-05,0.0,0.0,1,0.4545454545454545,,0.0,0.0003,0.0,0,4.179171531479726e-05,0.0,0,0,0.1600000000000818,-0.0146428571427285,0.6592982735185792,1.5252499999999714,0.7365934622106189,-0.3193756285780624,0,0,0,0,1,0.0177848686744604,0,0.0003968637321378,1,0.0789787122074678,0,0,0,0,0,1.0,-0.2588190451025215,0.965925826289068,0.9749279121818236,-0.2225209339563143,0,1914.255,1914.255,1914.255,1914.255,0,0.0003,0,0,0,1914.215,-0.00041775129698728986
2023-11-08 23:15:00+00:00,0.0099999999999909,-0.0429999999998926,0.0629999999998744,1.2059464803924867e-05,1.1678347970670613e-05,1.5665755441984786e-05,0.0,0.0,1,0.1818181818181818,,0.0,0.0003,0.0,0,2.0887564849342496e-05,5.221891212335624e-06,0,0,-0.4500000000000455,0.0890476190478207,1.1726602091173068,1.4486249999999927,0.7063008135955423,-0.0263697841506303,0,0,0,0,1,0.0408974959077676,0,0.0004179258860682,1,0.0124947781087734,0,0,0,0,0,1.0,-0.2588190451025215,0.965925826289068,0.9749279121818236,-0.2225209339563143,0,1915.015,1915.015,1915.015,1915.015,0,0.0003,0,0,0,1913.505,-0.00037090922388538505
2023-11-08 23:30:00+00:00,0.0799999999999272,0.0899999999999181,0.0699999999999363,1.596051116296235e-05,1.4683913387345176e-05,3.134575147512031e-05,0.0,0.0,1,0.2727272727272727,,0.0,0.0003,0.0,0,0.0,5.74648093343224e-05,0,0,-0.9199999999998454,-0.0659523809523225,1.199016218609873,1.2398749999999836,0.3417436121254771,0.2051976906424638,0,0,0,0,1,0.0324172514902291,0,0.000371046848584,1,0.1126342637493492,0,0,0,0,0,1.0,-0.2588190451025215,0.965925826289068,0.9749279121818236,-0.2225209339563143,0,1914.215,1914.215,1914.215,1914.215,0,0.0003,0,0,0,1913.135,-0.0001933624422200131
2023-11-08 23:45:00+00:00,0.0,0.1100000000001273,-0.1100000000001273,1.3826887977032792e-05,1.4564717033266107e-05,1.5678281660491677e-05,0.0,0.0,1,0.5454545454545454,,0.0,0.0003,0.0,0,0.0,3.135607171142631e-05,0,0,-1.1200000000001182,-0.210833333333299,1.1208116297445592,1.09862499999997,0.3961107123376176,-1.561747715302649,0,0,0,0,0,0.0454642103834405,0,0.000193399838485,1,0.0,0,0,0,0,0,1.0,-0.2588190451025215,0.965925826289068,0.9749279121818236,-0.2225209339563143,0,1913.505,1913.505,1913.505,1913.505,0,0.0003,0,1,0,1912.985,-7.840533992642396e-05
2023-11-09 00:00:00+00:00,0.0,-0.0099999999999909,0.0099999999999909,0.0,2.13391191186369e-06,0.0,0.0,0.0,1,0.0909090909090909,,0.0,0.0003,0.0,0,5.227022661751996e-06,0.0,0,0,-2.0300000000002,-0.2530952380951029,0.5066344004845003,1.022374999999954,0.3380692817836768,-0.0661846586057805,0,0,0,0,0,0.0105700538005985,0,7.841148780575433e-05,1,0.0,1,0,0,0,1,1.2499999999999998,0.0,1.0,0.4338837391175582,-0.900968867902419,0,1913.135,1913.135,1913.135,1913.135,0,0.0003,1,1,0,1913.305,0.00016727784065229123
2023-11-09 00:15:00+00:00,-0.0200000000002091,-0.0099999999999909,-0.0300000000004274,6.036056039529892e-06,5.139523006153879e-06,1.0454755737798749e-05,0.0,0.0,1,0.0909090909090909,,0.0,0.0003,0.0,0,1.0454865040870254e-05,0.0,0,0,-0.9099999999998544,-0.2445238095237626,0.7968621405903445,1.027499999999975,0.3376282824984778,-0.0222137788472356,0,0,0,0,1,0.0246537531227159,0,0.0001672498634562,1,0.0625104548656625,1,0,0,0,1,1.25,0.0,1.0,0.4338837391175582,-0.900968867902419,0,1912.985,1912.985,1912.985,1912.985,0,0.0003,0,0,0,1913.275,-1.5679674698954038e-05
2023-11-09 00:30:00+00:00,0.0099999999999909,0.0099999999999909,0.0099999999999909,7.983717458953265e-06,6.110107710698672e-06,1.04531711000444e-05,0.0,0.0,1,0.4545454545454545,,0.0,0.0003,0.0,0,5.226558233000439e-06,1.045311646600088e-05,0,0,-0.2300000000000182,-0.2317857142855509,0.6634789848548578,0.9374999999999716,0.4073520765698209,-1.3931437511717462,0,0,0,0,1,0.0283559358584435,0,1.5679920555054927e-05,1,0.3333281067751003,1,0,0,0,1,1.25,0.0,1.0,0.4338837391175582,-0.900968867902419,0,1913.305,1913.305,1913.305,1913.305,0,0.0003,1,0,1,1913.285,5.226640185096443e-06
2023-11-09 00:45:00+00:00,0.0199999999999818,0.0300000000002,0.0099999999997635,1.3153438967429698e-05,1.180355329514784e-05,1.5680084463287614e-05,0.0,0.0,1,0.4545454545454545,,0.0,0.0003,0.0,0,1.0453280370036618e-05,2.6133200925210384e-05,0,0,0.1500000000000909,-0.2090476190475465,0.6556945609581418,0.9149999999999636,0.4328312109158587,-1.1436328700799665,0,0,0,1,0,0.0473448081855393,0,5.226612867393465e-06,1,2.00001045328037,1,0,0,0,1,1.2499999999999998,0.0,1.0,0.4338837391175582,-0.900968867902419,0,1913.275,1913.275,1913.275,1913.275,0,0.0003,0,0,0,1912.835,-0.0002351975790328975
2023-11-09 01:00:00+00:00,0.0,-0.0099999999999909,0.0099999999999909,9.052735380387124e-06,9.002316988918685e-06,1.0453225734785576e-05,0.0,0.0,1,0.3636363636363636,,0.0,0.0003,0.0,0,1.045322573478693e-05,5.226612867393465e-06,0,0,-0.1499999999998635,-0.1192857142856065,1.023482085384661,0.901249999999976,0.4207964387410881,0.6624343134510216,0,0,0,0,0,0.0472733684684389,0,0.0002352529099478,1,0.0,1,0,0,0,0,1.25,0.2588190451025207,0.9659258262890684,0.4338837391175582,-0.900968867902419,0,1913.285,1913.285,1913.285,1913.285,0,0.0003,0,1,1,1912.835,0.0
2023-11-09 01:15:00+00:00,0.0199999999999818,0.0199999999999818,0.0199999999999818,7.985765610208393e-06,6.331303826142416e-06,1.0455848871160356e-05,0.0,0.0,1,0.5454545454545454,,0.0,0.0003,0.0,0,0.0,1.568352732983907e-05,0,0,-0.4700000000000273,-0.0633333333332672,0.8655998207995454,0.7887499999999648,0.3773000889780981,-0.685793636308981,0,0,0,0,0,0.0693940683670043,0,0.0,1,1.0,1,0,0,0,0,1.25,0.2588190451025207,0.9659258262890684,0.4338837391175582,-0.900968867902419,0,1912.835,1912.835,1912.835,1912.835,0,0.0003,1,1,1,1913.105,0.00014115174596862623
2023-11-09 01:30:00+00:00,-0.0299999999999727,-0.0429999999998926,-0.0170000000000527,1.2687460952499892e-05,9.171228675072295e-06,1.9342713678205392e-05,0.0,0.0,1,0.3636363636363636,,0.0,0.0003,0.0,0,1.568352732983907e-05,5.2278424432796895e-06,0,0,-0.1700000000000727,-0.0280952380951976,1.152425192879587,0.7224999999999682,0.3139039889611811,0.1831770287159851,0,0,0,0,1,0.0583376671092015,0,0.0001411318249651,1,0.1111267946383473,1,0,0,0,0,1.25,0.2588190451025207,0.9659258262890684,0.4338837391175582,-0.900968867902419,0,1912.835,1912.835,1912.835,1912.835,0,0.0003,1,1,1,1913.448,0.00017928968875202678
2023-11-09 01:45:00+00:00,0.0899999999999181,0.1300000000001091,0.0499999999997271,9.05422603878165e-06,7.694441143451946e-06,2.613675271745386e-05,0.0,0.0,1,1.0,,0.0,0.0003,0.0,0,0.0,6.272525554013932e-05,0,0,0.1630000000000109,0.0056071428572445,1.199691322319072,0.7533750000000055,0.2984095639505462,-0.0883852368896839,0,0,0,1,0,0.0586799657532968,0,0.0001792575497217,1,0.2624377144952952,1,0,0,0,0,1.2499999999999998,0.2588190451025207,0.9659258262890684,0.4338837391175582,-0.900968867902419,0,1913.105,1913.105,1913.105,1913.105,0,0.0003,0,0,0,1913.178,-0.0001411065260200628
2023-11-09 02:00:00+00:00,0.0630000000001018,0.0700000000001637,0.05600000000004,1.490199607764098e-05,1.394820816197738e-05,2.6131794135908493e-05,0.0,0.0,1,0.4545454545454545,,0.0,0.0003,0.0,0,0.0,3.65831734126894e-05,0,0,0.3430000000000746,-0.0067142857142844,0.9634964406226724,0.7183750000000089,0.2812796968448942,0.0057771677737355,0,0,0,0,1,0.1572787491657999,0,0.0001411264398816,1,0.2333004084776549,1,0,0,0,0,1.25,0.4999999999999999,0.8660254037844387,0.4338837391175582,-0.900968867902419,0,1913.448,1913.448,1913.448,1913.448,0,0.0003,1,1,0,1913.228,2.6134525904053518e-05
2023-11-09 02:15:00+00:00,0.0,0.0200000000002091,-0.0200000000002091,1.5680838486958565e-05,1.0796730039900702e-05,1.56809614311193e-05,0.0,0.0,1,0.2727272727272727,,0.0,0.0003,0.0,0,0.0,1.5680715542516215e-05,0,0,0.3930000000000291,0.0148214285715751,0.908114050012526,0.6325000000000216,0.280908729458028,-1.0661826016506466,0,0,0,0,0,0.0661833433481994,0,2.6133842908401157e-05,1,0.0,1,0,0,0,0,1.25,0.4999999999999999,0.8660254037844387,0.4338837391175582,-0.900968867902419,0,1913.178,1913.178,1913.178,1913.178,0,0.0003,1,0,0,1913.308,4.1814148653340766e-05
2023-11-09 02:30:00+00:00,-0.0499999999999545,-0.0699999999999363,-0.0299999999999727,7.98383012525568e-06,9.590117198298148e-06,1.567989596906738e-05,0.0,0.0,1,0.3636363636363636,,0.0,0.0003,0.0,0,2.6133842908401157e-05,0.0,0,0,0.2029999999999745,0.0416428571430577,0.8624182271538418,0.6642500000000382,0.2606227432242101,-0.1544377881303629,0,0,0,0,1,0.0763926287893585,0,4.181240030352e-05,1,0.6250261338429084,1,0,0,0,0,1.25,0.4999999999999999,0.8660254037844387,0.4338837391175582,-0.900968867902419,0,1913.228,1913.228,1913.228,1913.228,0,0.0003,1,0,0,1913.378,3.658585026555805e-05
2023-11-09 02:45:00+00:00,-0.0399999999999636,-0.0199999999999818,-0.0599999999999454,7.983564858418418e-06,1.079571785151608e-05,1.5679404266277785e-05,0.0,0.0,1,0.3636363636363636,,0.0,0.0003,0.0,0,3.135930022764e-05,0.0,0,0,-0.0700000000001637,0.0745833333334161,0.6928057880122809,0.7317500000000337,0.2582439323032195,0.8838542612184238,0,0,0,0,1,0.1012529383915505,0,3.658451179010961e-05,1,0.5714494776287232,1,0,0,0,0,1.25,0.4999999999999999,0.8660254037844387,0.4338837391175582,-0.900968867902419,0,1913.308,1913.308,1913.308,1913.308,0,0.0003,0,0,0,,
