timestamp,m5_price_momentum_3,m5_price_momentum_6,m5_price_acceleration,m5_volatility_3,m5_volatility_6,m5_max_move_3,m5_avg_range_3,m5_avg_range_6,m5_range_expansion,m5_trend_consistency,m5_volume_trend,m5_volume_avg,m5_spread_avg,m5_spread_volatility,m5_spread_trend,m5_resistance_distance,m5_support_distance,m15_momentum_4h,m15_momentum_2h,m15_momentum_1h,m15_trend_slope,m15_vol_regime,m15_avg_range,m15_range_volatility,m15_current_range_percentile,m15_price_vs_sma20,m15_price_vs_sma50,m15_sma20_vs_sma50,momentum_confluence,momentum_divergence,vol_m5_vs_m15,vol_regime_alignment,price_level_diff,price_level_alignment,trend_strength_ratio,session_asia,session_london,session_newyork,session_overlap,session_transition,session_vol_anomaly,hour_sin,hour_cos,day_of_week_sin,day_of_week_cos,is_weekend,current_open,current_high,current_low,current_close,current_volume,current_spread
2023-11-08 04:15:00+00:00,0.06999999999993634,0.11000000000012733,0.02999999999974534,1.835546081475012e-05,2.6115820010616487e-05,3.136016892679727e-05,0.0,0.0,1,0.7272727272727273,,0.0,0.0003,0.0,0,5.2265035997496e-06,4.703853239786524e-05,0,0,0.0,0.0,1.0,0.9900000000000091,0.4525483399593004,-0.7071067811865476,0,0,0,0,1,1.0,1,0.0002979994824219183,1,0.12277043201856343,1,0,0,0,0,1.25,0.8660254037844386,0.5000000000000001,0.9749279121818236,-0.22252093395631434,0,1913.325,1913.325,1913.325,1913.325,0,0.0003
2023-11-08 04:30:00+00:00,-0.03999999999996362,-0.01999999999998181,-0.05999999999994543,7.985819287465238e-06,1.222359834935172e-05,1.5683855300707705e-05,0.0,0.0,1,0.2727272727272727,,0.0,0.0003,0.0,0,2.091224438046881e-05,0.0,0,0,0.0,0.0,1.0,0.9266666666666575,0.3382799629497726,-0.3744433030031706,0,0,0,0,1,0.04164139088530118,0,8.36419809556904e-05,1,0.25002091224438044,1,0,0,0,0,1.25,0.8660254037844386,0.5000000000000001,0.9749279121818236,-0.22252093395631434,0,1912.755,1912.755,1912.755,1912.755,0,0.0003
2023-11-08 04:45:00+00:00,0.009999999999990905,0.0,0.01999999999998181,3.0181857917384022e-06,3.3062482398092624e-06,5.22765113797341e-06,0.0,0.0,1,0.18181818181818182,,0.0,0.0003,0.0,0,0.0,5.22762380973065e-06,0,0,0.0,0.0,1.0,0.9399999999999977,0.27748873851019284,0.1441499940313836,0,0,0,0,1,0.04888571855420219,0,0.0001934595002992823,1,0.027021799403200687,1,0,0,0,0,1.25,0.8660254037844386,0.5000000000000001,0.9749279121818236,-0.22252093395631434,0,1912.915,1912.915,1912.915,1912.915,0,0.0003
2023-11-08 05:00:00+00:00,-0.09999999999990905,-0.06999999999993634,-0.12999999999988177,3.0185960760571093e-05,2.35001609389633e-05,5.22836177125896e-05,0.0,0.0,1,0.36363636363636365,,0.0,0.0003,0.0,0,5.228635143220633e-05,0.0,0,0,-1.4800000000000182,0.0,1.0,1.1008000000000266,0.43247335178023394,1.4872592666171125,0,0,0,1,0,0.1370622329039287,0,0.0003661384683381997,1,0.14280485650557145,1,0,0,0,0,1.25,0.9659258262890683,0.25881904510252074,0.9749279121818236,-0.22252093395631434,0,1912.545,1912.545,1912.545,1912.545,0,0.0003
2023-11-08 05:15:00+00:00,0.03999999999996362,0.01999999999998181,0.05999999999994543,7.98997253263322e-06,1.0285392219515632e-05,1.5691976953613462e-05,0.0,0.0,1,0.6363636363636364,,0.0,0.0003,0.0,0,0.0,2.0922198190733882e-05,0,0,-0.290000000000191,0.0,1.211915598294142,1.047333333333351,0.4083854388524356,-0.6546103457669445,0,0,0,1,0,0.030187435430840938,0,0.00032418893940536995,1,0.06453705123040149,1,0,0,0,0,1.25,0.9659258262890683,0.25881904510252074,0.9749279121818236,-0.22252093395631434,0,1911.845,1911.845,1911.845,1911.845,0,0.0003
2023-11-08 05:30:00+00:00,0.0,0.01999999999998181,-0.01999999999998181,5.2288675319093925e-06,8.538783058546682e-06,5.228881202468116e-06,0.0,0.0,1,0.5454545454545454,,0.0,0.0003,0.0,0,0.0,2.09154154454924e-05,0,0,-0.30999999999994543,0.0,1.128827053013935,0.9448571428571475,0.46096833896033773,-1.333838120518128,0,0,0,0,0,0.040096207262702535,0,7.319859563271039e-05,1,0.0,1,0,0,0,0,1.25,0.9659258262890683,0.25881904510252074,0.9749279121818236,-0.22252093395631434,0,1912.465,1912.465,1912.465,1912.465,0,0.0003
2023-11-08 05:45:00+00:00,0.0,0.08999999999991815,-0.08999999999991815,9.055953945625393e-06,1.2262111612243542e-05,1.0456942233227906e-05,0.0,0.0,1,0.6363636363636364,,0.0,0.0003,0.0,0,1.0456942233227357e-05,4.182776893290943e-05,0,0,-0.2300000000000182,-0.11749999999997061,1.0767752875966303,0.8880000000000052,0.45606766415275585,-0.8726775241550332,0,0,0,0,0,0.050863387304887375,0,0.0001516486562098627,1,0.0,1,0,0,0,0,1.25,0.9659258262890683,0.25881904510252074,0.9749279121818236,-0.22252093395631434,0,1912.605,1912.605,1912.605,1912.605,0,0.0003
2023-11-08 06:00:00+00:00,-0.03999999999996362,-0.01999999999998181,-0.05999999999994543,3.0191090880092034e-06,7.872787322453652e-06,1.0458418634784472e-05,0.0,0.0,1,0.6363636363636364,,0.0,0.0003,0.0,0,2.6146320036162725e-05,0.0,0,0,0.75,-0.03952380952375679,0.7159617601086854,0.8379999999999939,0.4239919136695704,0.1698145593785366,0,0,0,0,1,0.044236933730158086,0,0.00014639795670279003,1,0.14287805991305577,1,0,0,0,0,1.25,1.0,6.123233995736766e-17,0.9749279121818236,-0.22252093395631434,0,1912.315,1912.315,1912.315,1912.315,0,0.0003
2023-11-08 06:15:00+00:00,0.0,-0.01999999999998181,0.01999999999998181,0.0,4.269006469836669e-06,0.0,0.0,0.0,1,0.0,,0.0,0.0003,0.0,0,1.0456996907333654e-05,0.0,0,0,0.8000000000001819,0.05059523809545398,0.8255931272232587,0.8567499999999768,0.4187859153042151,-0.08775366758298087,0,0,0,0,0,0.027173120667693392,0,0.0003501867226965803,1,0.0,1,0,0,0,0,1.25,1.0,6.123233995736766e-17,0.9749279121818236,-0.22252093395631434,0,1912.595,1912.595,1912.595,1912.595,0,0.0003
2023-11-08 06:30:00+00:00,0.009999999999990905,0.009999999999990905,0.009999999999990905,3.017633661974457e-06,3.934504457729752e-06,5.226694821169886e-06,0.0,0.0,1,0.2727272727272727,,0.0,0.0003,0.0,0,0.0,5.2266675029287135e-06,0,0,1.3799999999998818,0.20571428571443218,1.0331229893169187,0.8842499999999802,0.42173984872198883,0.32188089508584256,0,0,0,1,0,0.017584285613925804,0,0.00037617849669657803,1,0.013894115556383048,1,0,0,0,0,1.2499999999999998,1.0,6.123233995736766e-17,0.9749279121818236,-0.22252093395631434,0,1913.265,1913.265,1913.265,1913.265,0,0.0003
2023-11-08 06:45:00+00:00,-0.020000000000209184,-0.0500000000001819,0.009999999999763531,7.980848237518909e-06,1.598967891085982e-05,1.044934809124598e-05,0.0,0.0,1,0.45454545454545453,,0.0,0.0003,0.0,0,4.7022312087161355e-05,5.224701343004729e-06,0,0,2.2899999999999636,0.34738095238093425,0.553489902343247,0.9067499999999882,0.4322485230909856,0.5858897982788159,0,0,0,0,1,0.06950745176318564,0,0.0003238265856404419,1,0.032268513919146403,1,0,0,0,0,1.2499999999999998,1.0,6.123233995736766e-17,0.9749279121818236,-0.22252093395631434,0,1913.985,1913.985,1913.985,1913.985,0,0.0003
2023-11-08 07:00:00+00:00,0.009999999999990905,-0.01999999999998181,0.03999999999996362,6.031027569151704e-06,1.0270470791575795e-05,5.223036725787722e-06,0.0,0.0,1,0.45454545454545453,,0.0,0.0003,0.0,0,0.0,1.5669028337423498e-05,0,0,1.990000000000009,0.3633333333334312,0.985666339801126,0.8349999999999795,0.3011881234615776,1.1122616527833609,0,0,0,0,1,0.054691948027877337,0,1.0446128012066223e-05,1,0.49999477699055417,1,0,0,0,0,1.25,0.9659258262890683,-0.25881904510252063,0.9749279121818236,-0.22252093395631434,0,1914.605,1914.605,1914.605,1914.605,0,0.0003
2023-11-08 07:15:00+00:00,-0.0029999999999290594,-0.0029999999999290594,-0.0029999999999290594,5.3008186855148716e-06,5.934521828400581e-06,5.223064005965838e-06,0.0,0.0,1,0.36363636363636365,,0.0,0.0003,0.0,0,1.0446128012066223e-05,0.0,0,0,1.25,0.3746428571430308,1.1625594748761916,0.871249999999975,0.31091742128282396,0.6392372584975538,0,0,0,1,0,0.021602327226807758,0,3.6562784830589644e-05,1,0.04285557593696663,1,0,0,0,0,1.25,0.9659258262890683,-0.25881904510252063,0.9749279121818236,-0.22252093395631434,0,1914.585,1914.585,1914.585,1914.585,0,0.0003
2023-11-08 07:30:00+00:00,0.040000000000190994,0.11000000000012733,-0.02999999999974534,1.3145122057566105e-05,1.013751582017511e-05,2.089345643074836e-05,0.0,0.0,1,0.45454545454545453,,0.0,0.0003,0.0,0,5.22325497579852e-06,4.700929478230545e-05,0,0,0.9200000000000728,0.3846428571427985,1.025514457161112,0.9849999999999852,0.24383835395022369,1.0457747760718508,0,0,0,1,0,0.10082433882776941,0,0.0002036654559886118,1,0.10258499558452909,1,0,0,0,0,1.25,0.9659258262890683,-0.25881904510252063,0.9749279121818236,-0.22252093395631434,0,1914.515,1914.515,1914.515,1914.515,0,0.0003
2023-11-08 07:45:00+00:00,-0.03999999999996362,-0.03999999999996362,-0.03999999999996362,3.0150256101779844e-06,7.134717096499376e-06,1.0444273274345939e-05,0.0,0.0,1,0.5454545454545454,,0.0,0.0003,0.0,0,3.1333147075152776e-05,0.0,0,0,0.8530000000000655,0.3548928571429731,0.874060735833974,1.0121249999999975,0.18615388219735704,-1.6391009223025608,0,0,0,0,1,0.06857704847356261,0,0.0002887037982561408,1,0.07235361932521514,1,0,0,0,0,1.25,0.9659258262890683,-0.25881904510252063,0.9749279121818236,-0.22252093395631434,0,1914.905,1914.905,1914.905,1914.905,0,0.0003
2023-11-08 08:00:00+00:00,0.0,-0.026999999999816282,0.026999999999816282,0.0,4.225150050058256e-06,0.0,0.0,0.0,1,0.18181818181818182,,0.0,0.0003,0.0,0,3.654478458851341e-06,0.0,0,0,0.9700000000000273,0.28839285714295587,0.842323868102849,0.9721250000000055,0.23830738703258122,-1.603496243898824,0,0,0,0,0,0.0615621674811356,0,5.0638065730287036e-05,1,0.0,0,1,0,0,1,0.8333333333333334,0.8660254037844387,-0.49999999999999983,0.9749279121818236,-0.22252093395631434,0,1915.458,1915.458,1915.458,1915.458,0,0.0003
2023-11-08 08:15:00+00:00,0.049999999999954525,-0.009999999999990905,0.10999999999989996,1.8333659561135012e-05,1.5977269247358736e-05,2.6102504535385762e-05,0.0,0.0,1,0.36363636363636365,,0.0,0.0003,0.0,0,1.0440838294897201e-05,2.6102095737243005e-05,0,0,-0.3300000000001546,0.10903571428581459,1.9548200270735558,1.083375000000018,0.3422275506568437,1.831018568777778,0,0,0,0,1,0.03814442260440684,0,0.0007157092966458928,1,0.03647024826918992,0,1,0,0,1,0.8333333333333334,0.8660254037844387,-0.49999999999999983,0.9749279121818236,-0.22252093395631434,0,1915.555,1915.555,1915.555,1915.555,0,0.0003
2023-11-08 08:30:00+00:00,0.0,-0.009999999999990905,0.009999999999990905,4.64333757837089e-06,4.908105483013671e-06,5.224155450012091e-06,0.0,0.0,1,0.2727272727272727,,0.0,0.0003,0.0,0,5.224155449964818e-06,5.224155449964818e-06,0,0,-0.5599999999999454,-0.0017499999998594833,1.4617716282192603,1.0221250000000168,0.39497429844053,-1.2459671475918623,0,0,0,0,0,0.032294263835939384,0,8.357950108265849e-05,1,0.0,0,1,0,0,1,0.8333333333333334,0.8660254037844387,-0.49999999999999983,0.9749279121818236,-0.22252093395631434,0,1914.185,1914.185,1914.185,1914.185,0,0.0003
2023-11-08 08:45:00+00:00,-0.01999999999998181,-0.029999999999972715,-0.009999999999990905,1.2063504321630656e-05,1.0315919991717365e-05,1.0447328487539487e-05,0.0,0.0,1,0.45454545454545453,,0.0,0.0003,0.0,0,2.0894875270634928e-05,0.0,0,0,-0.7530000000001564,-0.0246785714285024,1.136731709289752,0.9708750000000066,0.4010811950216751,-0.5506989675446393,0,0,0,0,1,0.02894692096125488,0,0.00018801851982415044,1,0.05556600299315579,0,1,0,0,1,0.8333333333333333,0.8660254037844387,-0.49999999999999983,0.9749279121818236,-0.22252093395631434,0,1914.345,1914.345,1914.345,1914.345,0,0.0003
2023-11-08 09:00:00+00:00,-0.009999999999990905,-0.03999999999996362,0.01999999999998181,7.977844172429874e-06,6.325001654315049e-06,1.0445418769933212e-05,0.0,0.0,1,0.18181818181818182,,0.0,0.0003,0.0,0,2.089094664711463e-05,5.222736661778658e-06,0,0,-1.1000000000001364,-0.07296428571428473,0.939148910735894,0.9809999999999945,0.4077923140871839,0.6621017382447704,0,0,0,1,0,0.021453708055798063,0,0.00013058546688221975,1,0.03999477726330184,0,1,0,0,0,0.8333333333333334,0.7071067811865476,-0.7071067811865475,0.9749279121818236,-0.22252093395631434,0,1914.705,1914.705,1914.705,1914.705,0,0.0003
2023-11-08 09:15:00+00:00,-0.12000000000011823,-0.3300000000001546,0.08999999999991815,3.4250930024643485e-05,2.7784673904286735e-05,5.745490442909951e-05,0.0,0.0,1,0.36363636363636365,,0.0,0.0003,0.0,0,0.00011491521085636764,1.044683735056808e-05,0,0,0.09000000000014552,-0.14065476190461143,0.42609540873197715,1.0981250000000102,0.5476013767853117,1.6597383398405479,0,0,0,1,0,0.07975503350126475,0,9.403037703560684e-05,1,0.6666039856438264,0,1,0,0,0,0.8333333333333334,0.7071067811865476,-0.7071067811865475,0.9749279121818236,-0.22252093395631434,0,1914.455,1914.455,1914.455,1914.455,0,0.0003
2023-11-08 09:30:00+00:00,-0.01999999999998181,0.0,-0.03999999999996362,3.0160021166863064e-06,5.722491563524339e-06,5.2238825462014304e-06,0.0,0.0,1,0.18181818181818182,,0.0,0.0003,0.0,0,1.0447819670622981e-05,0.0,0,0,-0.2799999999999727,-0.17834523809525554,0.5376114325052845,1.0793749999999989,0.5446094111510666,0.019509394774252373,0,0,0,1,0,0.029142542517706087,0,0.00010971414241420035,1,0.09522764741832149,0,1,0,0,0,0.8333333333333334,0.7071067811865476,-0.7071067811865475,0.9749279121818236,-0.22252093395631434,0,1914.275,1914.275,1914.275,1914.275,0,0.0003
2023-11-08 09:45:00+00:00,0.01999999999998181,0.049999999999954525,-0.009999999999990905,1.087578810196173e-05,8.998833348750954e-06,1.5673694577111874e-05,0.0,0.0,1,0.18181818181818182,,0.0,0.0003,0.0,0,0.0,1.5673448916297365e-05,0,0,-0.14999999999986358,-0.09595238095236293,0.8297787897120986,1.0997500000000002,0.531581132095591,-0.4322011940005565,0,0,0,1,0,0.02568423108219927,0,0.00025593414657714667,1,0.04082677549651857,0,1,0,0,0,0.8333333333333333,0.7071067811865476,-0.7071067811865475,0.9749279121818236,-0.22252093395631434,0,1914.065,1914.065,1914.065,1914.065,0,0.0003
2023-11-08 10:00:00+00:00,-0.009999999999990905,0.009999999999990905,-0.029999999999972715,1.507778155278226e-05,1.5287602295000313e-05,1.5669355702296883e-05,0.0,0.0,1,0.36363636363636365,,0.0,0.0003,0.0,0,2.0892583394033402e-05,2.0892583394033402e-05,0,0,-0.3999999999998636,-0.023333333333319644,1.2437562221479737,1.1285000000000025,0.505661094862128,-0.6100924178953907,0,0,0,1,0,0.07154935541392078,0,0.00026122551337344013,1,0.019994776854133305,0,1,0,0,0,0.8333333333333333,0.49999999999999994,-0.8660254037844387,0.9749279121818236,-0.22252093395631434,0,1914.555,1914.555,1914.555,1914.555,0,0.0003
2023-11-08 10:15:00+00:00,0.049999999999954525,0.03999999999996362,0.05999999999994543,1.596150288383026e-05,1.5021823590505731e-05,2.6123233742847418e-05,0.0,0.0,1,0.45454545454545453,,0.0,0.0003,0.0,0,5.224510267464051e-06,4.17960821398312e-05,0,0,-0.8100000000001728,-0.1109523809523989,1.2634377306960183,1.0135000000000218,0.45677315407729324,-0.4893019609510832,0,0,0,0,1,0.06750380424566976,0,0.00030834115073970285,1,0.08471964016042911,0,1,0,0,0,0.8333333333333334,0.49999999999999994,-0.8660254037844387,0.9749279121818236,-0.22252093395631434,0,1914.055,1914.055,1914.055,1914.055,0,0.0003
2023-11-08 10:30:00+00:00,-0.10000000000013642,-0.10000000000013642,-0.10000000000013642,1.0878761102223309e-05,1.3082247766671976e-05,2.612992320427665e-05,0.0,0.0,1,0.36363636363636365,,0.0,0.0003,0.0,0,5.226121198983855e-05,0.0,0,0,-1.2100000000000364,-0.21511904761893336,1.1844981350227197,1.073125000000033,0.4137495576173677,-0.15981890199656237,0,0,0,1,0,0.07419753339299356,0,0.0003188950547740942,1,0.1638821650177689,0,1,0,0,0,0.8333333333333335,0.49999999999999994,-0.8660254037844387,0.9749279121818236,-0.22252093395631434,0,1913.465,1913.465,1913.465,1913.465,0,0.0003
2023-11-08 10:45:00+00:00,0.009999999999990905,0.0,0.01999999999998181,7.985649311365133e-06,8.747837262070123e-06,1.0455684886556682e-05,0.0,0.0,1,0.36363636363636365,,0.0,0.0003,0.0,0,0.0,1.5683363349533924e-05,0,0,-1.1700000000000728,-0.2010714285713709,1.1071166222061761,1.1068750000000307,0.39417560897939846,-0.22039669127419143,0,0,0,1,0,0.031794783259897846,0,0.00027699600446327985,1,0.018873152316068877,0,1,0,0,0,0.8333333333333333,0.49999999999999994,-0.8660254037844387,0.9749279121818236,-0.22252093395631434,0,1912.855,1912.855,1912.855,1912.855,0,0.0003
2023-11-08 11:00:00+00:00,0.009999999999990905,0.0,0.01999999999998181,3.017444406807208e-06,3.3054360975912554e-06,5.2263670216046165e-06,0.0,0.0,1,0.2727272727272727,,0.0,0.0003,0.0,0,0.0,5.226339706849853e-06,0,0,-1.0900000000001455,-0.2173809523808088,1.0262725190941673,1.0367500000000405,0.4142624254537841,-0.8370298117676376,0,0,0,0,1,0.029252344081893467,0,0.0002195544612682787,1,0.02380429746979118,0,1,0,0,0,0.8333333333333335,0.258819045102521,-0.9659258262890682,0.9749279121818236,-0.22252093395631434,0,1913.385,1913.385,1913.385,1913.385,0,0.0003
2023-11-08 11:15:00+00:00,-0.11000000000012733,-0.10000000000013642,-0.12000000000011823,6.03623746144693e-06,1.2221902758375453e-05,2.6136752717675904e-05,0.0,0.0,1,0.18181818181818182,,0.0,0.0003,0.0,0,5.7502358903653405e-05,0.0,0,0,0.38000000000010914,-0.1441666666665488,1.2329675643976636,0.9408750000000339,0.18035000693092781,1.6585804741029868,0,0,0,0,1,0.03367397513374472,0,0.00045980735117008385,1,0.12505750235903285,0,1,0,0,0,0.8333333333333334,0.258819045102521,-0.9659258262890682,0.9749279121818236,-0.22252093395631434,0,1912.965,1912.965,1912.965,1912.965,0,0.0003
2023-11-08 11:30:00+00:00,0.06999999999993634,0.10000000000013642,0.03999999999973625,6.0335801680037254e-06,7.866880474006264e-06,1.56758239604482e-05,0.0,0.0,1,0.45454545454545453,,0.0,0.0003,0.0,0,0.0,5.747591889631988e-05,0,0,2.3330000000000837,0.02870238095250053,1.1662533262152397,1.0308750000000657,0.357775443340039,2.177692780495297,0,0,0,1,0,0.043149585993986515,0,0.0007012366409982073,1,0.052158690253354095,0,1,0,0,0,0.8333333333333334,0.258819045102521,-0.9659258262890682,0.9749279121818236,-0.22252093395631434,0,1913.845,1913.845,1913.845,1913.845,0,0.0003
2023-11-08 11:45:00+00:00,-0.03999999999996362,-0.03999999999996362,-0.03999999999996362,4.7377101509829455e-06,4.849567792251502e-06,1.0442620930750657e-05,0.0,0.0,1,0.09090909090909091,,0.0,0.0003,0.0,0,2.088567806396219e-05,0.0,0,0,2.230000000000018,0.2629166666666263,1.087600046261105,1.0380000000000393,0.354668054061054,-0.31296870053321496,0,0,0,0,1,0.011726443465913144,0,0.00022290491565367114,1,0.09369770066628952,0,1,0,0,0,0.8333333333333333,0.258819045102521,-0.9659258262890682,0.9749279121818236,-0.22252093395631434,0,1915.188,1915.188,1915.188,1915.188,0,0.0003
2023-11-08 12:00:00+00:00,-0.029999999999972715,-0.06999999999993634,0.009999999999990905,9.041606391384116e-06,6.938406026194488e-06,1.566052165191678e-05,0.0,0.0,1,0.09090909090909091,,0.0,0.0003,0.0,0,3.6541789451396204e-05,0.0,0,0,3.8600000000001273,0.519154761904901,0.6205133740985572,1.1392500000000325,0.39667429964644124,1.2371610674985962,0,0,0,0,1,0.015912210200187234,0,0.0006312522009051615,1,0.024809049196636516,0,1,0,0,0,0.8333333333333334,1.2246467991473532e-16,-1.0,0.9749279121818236,-0.22252093395631434,0,1915.615,1915.615,1915.615,1915.615,0,0.0003
2023-11-08 12:15:00+00:00,-0.01999999999998181,0.0,-0.03999999999996362,6.023964057488932e-06,6.598956426154113e-06,1.0433811810539595e-05,0.0,0.0,1,0.09090909090909091,,0.0,0.0003,0.0,0,1.043392067610857e-05,0.0,0,0,3.2100000000000364,0.6653928571429857,0.9028181960671556,1.1205000000000211,0.41848638824083334,-1.148185493009153,0,0,0,0,1,0.021257418145303297,0,0.0001199756918815674,1,0.08696695565972058,0,1,0,0,0,0.8333333333333335,1.2246467991473532e-16,-1.0,0.9749279121818236,-0.22252093395631434,0,1916.825,1916.825,1916.825,1916.825,0,0.0003
2023-11-08 12:30:00+00:00,0.09000000000014552,0.049999999999954525,0.1300000000003365,2.6083114369280865e-05,2.7881383030854717e-05,4.173307006727356e-05,0.0,0.0,1,0.5454545454545454,,0.0,0.0003,0.0,0,0.0,5.73796787260289e-05,0,0,2.086999999999989,0.6791309523809312,0.8578227946163336,1.0658750000000339,0.4617069068761303,-1.0740038596236696,0,0,0,1,0,0.06981694042113458,0,0.00011474618925299045,1,0.4091378561013866,0,1,0,0,0,0.8333333333333334,1.2246467991473532e-16,-1.0,0.9749279121818236,-0.22252093395631434,0,1917.055,1917.055,1917.055,1917.055,0,0.0003
2023-11-08 12:45:00+00:00,0.009999999999990905,-0.05999999999994543,0.07999999999992724,7.967239388082394e-06,1.0431341176592197e-05,1.0431580566905296e-05,0.0,0.0,1,0.36363636363636365,,0.0,0.0003,0.0,0,2.0862943500522157e-05,1.0431471750261079e-05,0,0,0.5699999999999363,0.5535833333333614,1.5877172400730506,1.1333750000000293,0.49248899552604636,0.8662630106977752,0,0,0,0,1,0.027446484179497636,0,0.0005688386037883323,1,0.009169096190720805,0,1,0,0,0,0.8333333333333334,1.2246467991473532e-16,-1.0,0.9749279121818236,-0.22252093395631434,0,1917.275,1917.275,1917.275,1917.275,0,0.0003
2023-11-08 13:00:00+00:00,0.009999999999990905,0.029999999999972715,-0.009999999999990905,3.0130351831032135e-06,4.366341861846348e-06,5.21873002212736e-06,0.0,0.0,1,0.18181818181818182,,0.0,0.0003,0.0,0,0.0,1.5656108361130433e-05,0,0,-0.8900000000001,0.29553571428579334,0.9577419038621661,1.2271250000000293,0.4667429508228602,0.45608615968324767,0,0,0,0,1,0.01361181909786484,0,0.00013048459368402373,1,0.039994781297176575,0,1,1,1,1,0.6666666666666667,-0.2588190451025208,-0.9659258262890683,0.9749279121818236,-0.22252093395631434,0,1916.185,1916.185,1916.185,1916.185,0,0.0003
2023-11-08 13:15:00+00:00,-0.08000000000015461,-0.13000000000010914,-0.03000000000020009,7.97249961798265e-06,6.101569656571086e-06,2.0876772242384156e-05,0.0,0.0,1,0.2727272727272727,,0.0,0.0003,0.0,0,6.26326049683931e-05,0.0,0,0,-0.09000000000014552,0.14689285714305747,1.214712852423691,1.230875000000026,0.46698162628275597,0.08378273961525377,0,0,0,0,1,0.023654545627226225,0,0.000537307671240723,1,0.07771165798275251,0,1,1,1,1,0.6666666666666666,-0.2588190451025208,-0.9659258262890683,0.9749279121818236,-0.22252093395631434,0,1915.935,1915.935,1915.935,1915.935,0,0.0003
2023-11-08 13:30:00+00:00,-0.060000000000172804,-0.040000000000190994,-0.08000000000015461,1.088462653357791e-10,1.0775123203662198e-05,1.0433049815183892e-05,0.0,0.0,1,0.36363636363636365,,0.0,0.0003,0.0,0,3.12994759946962e-05,0.0,0,0,-0.39000000000010004,0.06119047619049283,1.049643542348043,1.1921250000000043,0.42283615114395173,0.7281189159608581,0,0,0,1,0,0.023177472748896918,0,4.173437634491753e-05,1,0.7499687005268475,0,1,1,1,1,0.6666666666666667,-0.2588190451025208,-0.9659258262890683,0.9749279121818236,-0.22252093395631434,0,1916.965,1916.965,1916.965,1916.965,0,0.0003
2023-11-08 13:45:00+00:00,0.0,0.03999999999996362,-0.03999999999996362,9.035733962819535e-06,7.854164067351779e-06,1.0433594086256548e-05,0.0,0.0,1,0.5454545454545454,,0.0,0.0003,0.0,0,1.0433594086229382e-05,1.0433594086229382e-05,0,0,1.6100000000001273,0.056666666666804755,0.8698070390276365,1.2300000000000182,0.40904068955816897,0.0,0,0,0,0,0,0.02307884766376985,0,0.00047450327068330133,1,0.0,0,1,1,1,1,0.6666666666666666,-0.2588190451025208,-0.9659258262890683,0.9749279121818236,-0.22252093395631434,0,1916.885,1916.885,1916.885,1916.885,0,0.0003
2023-11-08 14:00:00+00:00,-0.01999999999998181,0.01999999999998181,-0.05999999999994543,2.3512233459380698e-05,1.73460202166238e-05,2.607092856821147e-05,0.0,0.0,1,0.5454545454545454,,0.0,0.0003,0.0,0,3.128592993513145e-05,0.0,0,0,2.519999999999982,0.18488095238099214,0.6826839325896114,1.1762500000000387,0.37587754464902945,0.06318547180620503,0,0,0,0,1,0.035020987964122424,0,0.0003440268340929834,1,0.03031345894632113,0,1,1,1,0,0.6666666666666666,-0.4999999999999998,-0.8660254037844388,0.9749279121818236,-0.22252093395631434,0,1917.795,1917.795,1917.795,1917.795,0,0.0003
2023-11-08 14:15:00+00:00,0.016999999999825377,-0.003000000000156433,0.03699999999980719,1.1612708122919585e-05,8.990653762471575e-06,1.0425055578577869e-05,0.0,0.0,1,0.45454545454545453,,0.0,0.0003,0.0,0,1.0425055578568072e-05,8.861297241699897e-06,0,0,1.4100000000000819,0.2922619047619839,0.8024572678268314,1.201250000000016,0.3400603937957907,-1.062311302906482,0,0,0,0,1,0.01654432449831228,0,4.1701961295329247e-05,1,0.21249113870076874,0,1,1,1,0,0.6666666666666666,-0.4999999999999998,-0.8660254037844388,0.9749279121818236,-0.22252093395631434,0,1918.455,1918.455,1918.455,1918.455,0,0.0003
2023-11-08 14:30:00+00:00,0.029999999999972715,0.07999999999992724,-0.01999999999998181,1.3791863568119097e-05,1.1261132725811869e-05,1.5638480044044556e-05,0.0,0.0,1,0.5454545454545454,,0.0,0.0003,0.0,0,0.0,4.1701961295329247e-05,0,0,1.740000000000009,0.41261904761907,0.8317140165732498,1.456249999999983,0.5176026468247396,2.229026468619619,0,0,0,1,0,0.03992853574901608,0,0.00013030164831585118,1,0.12001563823537661,0,1,1,1,0,0.6666666666666666,-0.4999999999999998,-0.8660254037844388,0.9749279121818236,-0.22252093395631434,0,1918.375,1918.375,1918.375,1918.375,0,0.0003
2023-11-08 14:45:00+00:00,0.009999999999990905,0.029999999999972715,-0.009999999999990905,1.311673775681873e-05,1.1299581156737285e-05,1.563627929512812e-05,0.0,0.0,1,0.7272727272727273,,0.0,0.0003,0.0,0,1.0424131865258615e-05,2.6060329663146537e-05,0,0,1.1099999999999,0.40738095238107486,0.6922691121671375,1.397500000000008,0.5306532362502094,-0.579474464666927,0,0,0,1,0,0.0513428620737053,0,0.00014591655136652034,1,0.03571949778018934,0,1,1,1,0,0.6666666666666666,-0.4999999999999998,-0.8660254037844388,0.9749279121818236,-0.22252093395631434,0,1918.625,1918.625,1918.625,1918.625,0,0.0003
2023-11-08 15:00:00+00:00,0.05999999999994543,0.07999999999992724,0.03999999999996362,1.0422828078249217e-05,8.510230100359985e-06,2.0845656156120995e-05,0.0,0.0,1,0.36363636363636365,,0.0,0.0003,0.0,0,0.0,3.126783243565754e-05,0,0,0.05300000000011096,0.2775119047619334,0.8113881789695021,1.3733749999999816,0.5328277495722742,-0.2371779624870986,0,0,0,0,1,0.055090462089744566,0,0.00020693163645913102,1,0.15110223342689766,0,1,1,1,0,0.6666666666666666,-0.7071067811865471,-0.7071067811865479,0.9749279121818236,-0.22252093395631434,0,1918.905,1918.905,1918.905,1918.905,0,0.0003
2023-11-08 15:15:00+00:00,-0.015999999999849024,-0.009999999999990905,-0.021999999999707143,4.814953738897916e-06,4.394061777875094e-06,8.339744511864922e-06,0.0,0.0,1,0.2727272727272727,,0.0,0.0003,0.0,0,1.0424767579797327e-05,0.0,0,0,-0.9900000000000091,0.1031547619049616,1.5380660439181089,1.4124999999999943,0.5356368705968911,0.31831266546324816,0,0,0,1,0,0.020044416865587163,0,0.0005856935357270696,1,0.014239211387938327,0,1,1,1,0,0.6666666666666667,-0.7071067811865471,-0.7071067811865479,0.9749279121818236,-0.22252093395631434,0,1918.508,1918.508,1918.508,1918.508,0,0.0003
2023-11-08 15:30:00+00:00,0.05999999999994543,0.07999999999992724,0.03999999999996362,1.0880774059758037e-10,8.516976716710722e-06,1.043119971844142e-05,0.0,0.0,1,0.8181818181818182,,0.0,0.0003,0.0,0,0.0,3.129261989634081e-05,0,0,-0.6300000000001091,-0.038940476190324605,1.4979593048671402,1.4212500000000148,0.5378376680215302,0.27657043908310697,0,0,0,1,0,0.02647477330676409,0,0.0003180404537029033,1,0.09839194835752793,0,1,1,1,0,0.6666666666666666,-0.7071067811865471,-0.7071067811865479,0.9749279121818236,-0.22252093395631434,0,1917.385,1917.385,1917.385,1917.385,0,0.0003
2023-11-08 15:45:00+00:00,0.01999999999998181,0.0,0.03999999999996362,1.204076714275874e-05,1.1422874684050623e-05,1.0427664594248043e-05,0.0,0.0,1,0.5454545454545454,,0.0,0.0003,0.0,0,0.0,1.0427555859103809e-05,0,0,-1.009999999999991,-0.11829761904756537,1.1643139621794512,1.3871249999999975,0.55991337021262,-0.7681991945232225,0,0,0,0,1,0.035756732147999716,0,5.2140497785284935e-05,1,0.1999895724441409,0,1,1,1,0,0.6666666666666667,-0.7071067811865471,-0.7071067811865479,0.9749279121818236,-0.22252093395631434,0,1917.995,1917.995,1917.995,1917.995,0,0.0003
2023-11-08 16:00:00+00:00,-0.009999999999990905,0.01999999999998181,-0.03999999999996362,3.010317347252934e-06,5.38506500453156e-06,5.214022592348044e-06,0.0,0.0,1,0.6363636363636364,,0.0,0.0003,0.0,0,5.214049778528494e-06,5.214049778528494e-06,0,0,-1.1829999999999927,-0.17682142857135125,1.0193245238040878,1.3371249999999861,0.595725353185994,-0.9016319300957022,0,0,0,1,0,0.03567857795524798,0,0.0002972891919731586,1,0.017538645599330282,0,0,1,0,1,0.7692307692307692,-0.8660254037844384,-0.5000000000000004,0.9749279121818236,-0.22252093395631434,0,1917.895,1917.895,1917.895,1917.895,0,0.0003
2023-11-08 16:15:00+00:00,0.03700000000003456,0.08000000000015461,-0.0060000000000854925,3.5502450861910053e-06,5.170415112070531e-06,1.0431362935880983e-05,0.0,0.0,1,0.8181818181818182,,0.0,0.0003,0.0,0,0.0,2.60779992958703e-05,0,0,0.650000000000091,-0.15784523809518317,0.8589856996865339,1.3758749999999793,0.5682166180252064,-0.3975156530710543,0,0,0,1,0,0.020575019490746933,0,0.00037017051305113637,1,0.05213197377586302,0,0,1,0,1,0.7692307692307693,-0.8660254037844384,-0.5000000000000004,0.9749279121818236,-0.22252093395631434,0,1917.325,1917.325,1917.325,1917.325,0,0.0003
2023-11-08 16:30:00+00:00,0.009999999999990905,0.040000000000190994,-0.020000000000209184,6.020242323584525e-06,7.123342280644199e-06,5.2136963804017e-06,0.0,0.0,1,0.6363636363636364,,0.0,0.0003,0.0,0,0.0,5.2136691978983205e-06,0,0,0.25,-0.08648809523804753,0.828344957873484,1.1533750000000111,0.30212482637861093,-1.0703357412760768,0,0,0,1,0,0.017221313066541347,0,0.00010947506705337901,1,0.04762426128824552,0,0,1,0,1,0.7692307692307692,-0.8660254037844384,-0.5000000000000004,0.9749279121818236,-0.22252093395631434,0,1918.035,1918.035,1918.035,1918.035,0,0.0003
2023-11-08 16:45:00+00:00,0.08999999999991815,0.10999999999989996,0.06999999999993634,5.213533276462186e-06,8.9794110794321e-06,2.0853372120654967e-05,0.0,0.0,1,0.8181818181818182,,0.0,0.0003,0.0,0,0.0,4.6917885880019574e-05,0,0,-0.049999999999954525,-0.009416666666649948,0.951670783424146,1.1121249999999918,0.33296736755599016,-1.057536066025417,0,0,0,0,1,0.02171600005817648,0,0.0002085674285460314,1,0.22495308211399206,0,0,1,0,1,0.7692307692307692,-0.8660254037844384,-0.5000000000000004,0.9749279121818236,-0.22252093395631434,0,1918.245,1918.245,1918.245,1918.245,0,0.0003
2023-11-08 17:00:00+00:00,0.07999999999992724,0.07999999999992724,0.07999999999992724,1.0854621953769416e-05,1.2191653807079876e-05,2.6071880173672568e-05,0.0,0.0,1,0.7272727272727273,,0.0,0.0003,0.0,0,0.0,4.171348570918257e-05,0,0,0.30999999999994543,0.03285714285725843,0.8861023763696033,1.071249999999992,0.33411407376186814,-0.4526897005480425,0,0,0,0,1,0.036690207423165554,0,0.0001095098910898249,1,0.38091066746625935,0,0,1,0,0,0.7692307692307693,-0.9659258262890683,-0.25881904510252063,0.9749279121818236,-0.22252093395631434,0,1917.845,1917.845,1917.845,1917.845,0,0.0003
2023-11-08 17:15:00+00:00,-0.03999999999996362,-0.05999999999994543,-0.01999999999998181,6.021388190597816e-06,5.712360619831134e-06,1.0429404663447883e-05,0.0,0.0,1,0.0,,0.0,0.0003,0.0,0,3.1288540311344666e-05,0.0,0,0,-0.37000000000011823,-0.021904761904606312,0.5678723366845821,0.9371249999999804,0.3141025480862989,-1.3598265999505295,0,0,0,0,1,0.02186413735562695,0,1.5644025416312397e-05,1,1.3333541923602077,0,0,1,0,0,0.7692307692307692,-0.9659258262890683,-0.25881904510252063,0.9749279121818236,-0.22252093395631434,0,1917.635,1917.635,1917.635,1917.635,0,0.0003
2023-11-08 17:30:00+00:00,0.01999999999998181,0.03999999999996362,0.0,1.204283918017884e-05,1.0771456862435508e-05,1.042945904994319e-05,0.0,0.0,1,0.36363636363636365,,0.0,0.0003,0.0,0,0.0,1.04293502775416e-05,0,0,0.3000000000001819,0.05535714285735714,1.1816628334592691,0.937124999999952,0.31410254808623345,2.0148674496783623,0,0,0,1,0,0.028454212957133823,0,0.00045868092747374136,1,0.02273770207752678,0,0,1,0,0,0.7692307692307692,-0.9659258262890683,-0.25881904510252063,0.9749279121818236,-0.22252093395631434,0,1917.665,1917.665,1917.665,1917.665,0,0.0003
2023-11-08 17:45:00+00:00,-0.05999999999994543,-0.09999999999990905,-0.01999999999998181,9.027680639370039e-06,6.312232978616684e-06,2.0848589723176936e-05,0.0,0.0,1,0.2727272727272727,,0.0,0.0003,0.0,0,4.691054940067506e-05,0.0,0,0,1.0090000000000146,0.13455952380966488,1.045961031113981,0.8971249999999884,0.331124248367749,-0.785581247166534,0,0,0,0,1,0.03868433159949239,0,0.000161033616940095,1,0.1942060309809967,0,0,1,0,0,0.7692307692307692,-0.9659258262890683,-0.25881904510252063,0.9749279121818236,-0.22252093395631434,0,1918.545,1918.545,1918.545,1918.545,0,0.0003
2023-11-08 18:00:00+00:00,0.029999999999972715,0.029999999999972715,0.029999999999972715,8.579252892187377e-06,6.960843108582025e-06,1.0423099673584346e-05,0.0,0.0,1,0.5454545454545454,,0.0,0.0003,0.0,0,0.0,2.0324631264279233e-05,0,0,2.3099999999999454,0.22077380952381612,1.0974471458632806,0.9667499999999905,0.36464728554742204,1.0702122721525889,0,0,0,1,0,0.03238469321789173,0,0.0005682454445309082,1,0.027513342856009038,0,0,1,0,0,0.7692307692307692,-1.0,-1.8369701987210297e-16,0.9749279121818236,-0.22252093395631434,0,1918.854,1918.854,1918.854,1918.854,0,0.0003
2023-11-08 18:15:00+00:00,0.01999999999998181,0.0,0.03999999999996362,7.956156569526802e-06,6.588318657890831e-06,1.0417073583512959e-05,0.0,0.0,1,0.36363636363636365,,0.0,0.0003,0.0,0,0.0,1.0416965069302407e-05,0,0,2.3990000000001146,0.3305952380951359,0.9266555176980511,1.1801250000000039,0.765880154276265,2.189474411416975,0,0,0,1,0,0.052776431548950294,0,6.197710076338178e-05,1,0.1680776438554724,0,0,1,0,0,0.7692307692307692,-1.0,-1.8369701987210297e-16,0.9749279121818236,-0.22252093395631434,0,1919.945,1919.945,1919.945,1919.945,0,0.0003
2023-11-08 18:30:00+00:00,0.20000000000004547,0.4490000000000691,-0.04899999999997817,5.419220785144176e-05,6.411589789258119e-05,8.802885679681793e-05,0.0,0.0,1,0.45454545454545453,,0.0,0.0003,0.0,0,0.0,0.0002546790106996604,0,0,-3.380000000000109,0.006357142857286501,2.631133529747144,1.714999999999975,1.5643687910098516,2.169565143145696,0,0,0,0,1,0.05950094309855921,0,0.002558004140635462,0,0.04072049489893659,0,0,1,0,0,0.7692307692307692,-1.0,-1.8369701987210297e-16,0.9749279121818236,-0.22252093395631434,0,1920.064,1920.064,1920.064,1920.064,0,0.0003
2023-11-08 18:45:00+00:00,-0.03999999999996362,-0.10000000000013642,0.020000000000209184,6.029153890130274e-06,1.3879696542513884e-05,1.0442855389980465e-05,0.0,0.0,1,0.36363636363636365,,0.0,0.0003,0.0,0,5.2214822221655275e-05,0.0,0,0,-2.8990000000001146,-0.22157142857123133,1.7305523338818734,2.0112499999999613,1.5819895024032782,0.7071791552980422,0,0,0,0,1,0.011293368898565356,0,0.0004123270118556875,1,0.05065379732124996,0,0,1,0,0,0.7692307692307692,-1.0,-1.8369701987210297e-16,0.9749279121818236,-0.22252093395631434,0,1915.165,1915.165,1915.165,1915.165,0,0.0003
2023-11-08 19:00:00+00:00,-0.01999999999998181,-0.03999999999996362,0.0,3.0133575640465407e-06,2.6952148745709637e-06,5.21930202268539e-06,0.0,0.0,1,0.2727272727272727,,0.0,0.0003,0.0,0,1.5657987791974612e-05,0.0,0,0,-5.25,-0.5319999999998838,1.1882135836200913,2.2024999999999864,1.5225869902429194,0.16255228869423874,0,0,0,1,0,0.010084457456481226,0,0.0006580682563019128,1,0.015862577214473567,0,0,1,0,0,0.7692307692307693,-0.9659258262890684,0.2588190451025203,0.9749279121818236,-0.22252093395631434,0,1915.955,1915.955,1915.955,1915.955,0,0.0003
2023-11-08 19:15:00+00:00,-0.049999999999954525,-0.009999999999990905,-0.08999999999991815,3.015253929480833e-06,1.2969476481987271e-05,1.0445364216793429e-05,0.0,0.0,1,0.2727272727272727,,0.0,0.0003,0.0,0,2.6113819694496787e-05,5.222763938899357e-06,0,0,-5.20900000000006,-0.7558809523809029,0.9580498011208353,2.4399999999999977,1.3604173729305575,-0.022052055932872315,0,0,0,0,1,0.012175227146648471,0,8.35572406266176e-05,1,0.3125261138192504,0,0,1,0,0,0.7692307692307693,-0.9659258262890684,0.2588190451025203,0.9749279121818236,-0.22252093395631434,0,1914.695,1914.695,1914.695,1914.695,0,0.0003
2023-11-08 19:30:00+00:00,0.0,-0.03999999999996362,0.03999999999996362,9.045265775733548e-06,7.134991219350632e-06,1.044454598864153e-05,0.0,0.0,1,0.45454545454545453,,0.0,0.0003,0.0,0,1.5666982617468538e-05,0.0,0,0,1.9300000000000637,-0.6319047619046934,0.6223603340889664,2.8574999999999875,1.554013145743176,1.3207738979700197,0,0,0,0,0,0.00877358562972094,0,0.0011684345324566644,0,0.0,0,0,1,0,0,0.7692307692307692,-0.9659258262890684,0.2588190451025203,0.9749279121818236,-0.22252093395631434,0,1914.855,1914.855,1914.855,1914.855,0,0.0003
2023-11-08 19:45:00+00:00,0.029999999999972715,-0.03999999999996362,0.09999999999990905,9.034909132614584e-06,1.174136221604844e-05,1.0432668859250427e-05,0.0,0.0,1,0.45454545454545453,,0.0,0.0003,0.0,0,1.564867677395889e-05,2.0864902365278516e-05,0,0,0.06899999999995998,-0.5295476190474235,0.7915505216354766,3.1828749999999673,1.26905098822473,0.04501395178766911,0,0,0,0,1,0.01562235635408854,0,0.0005589700337783557,1,0.027995555804989622,0,0,1,0,0,0.7692307692307693,-0.9659258262890684,0.2588190451025203,0.9749279121818236,-0.22252093395631434,0,1917.095,1917.095,1917.095,1917.095,0,0.0003
2023-11-08 20:00:00+00:00,0.17899999999985994,0.11999999999989086,0.23799999999982901,2.9629423470556605e-05,2.995312833225035e-05,5.898180698338251e-05,0.0,0.0,1,0.36363636363636365,,0.0,0.0003,0.0,0,0.0,9.34226293615633e-05,0,0,2.9200000000000728,-0.11033333333322215,0.8366296416518653,3.7057499999999948,1.271021271037023,1.4431308443041526,0,0,0,1,0,0.01920441022499018,0,0.0008296764470449605,1,0.11260127932316812,0,0,1,0,0,0.7692307692307692,-0.8660254037844386,0.5000000000000001,0.9749279121818236,-0.22252093395631434,0,1916.024,1916.024,1916.024,1916.024,0,0.0003
2023-11-08 20:15:00+00:00,-0.03999999999996362,-0.08999999999991815,0.009999999999990905,1.3123424768592956e-05,1.858344514347633e-05,2.085880932700679e-05,0.0,0.0,1,0.2727272727272727,,0.0,0.0003,0.0,0,2.0859244425999807e-05,0.0,0,0,3.8299999999999272,0.4662738095238983,0.9596284916520182,3.734874999999988,1.2513107913018962,-0.5153595769194361,0,0,0,0,1,0.028405990484735088,0,0.0005576736150019083,1,0.03740403681448768,0,0,1,0,0,0.7692307692307693,-0.8660254037844386,0.5000000000000001,0.9749279121818236,-0.22252093395631434,0,1917.615,1917.615,1917.615,1917.615,0,0.0003
2023-11-08 20:30:00+00:00,0.049999999999954525,0.049999999999954525,0.049999999999954525,7.961502942102525e-06,8.977202493793249e-06,1.5636116301509517e-05,0.0,0.0,1,0.45454545454545453,,0.0,0.0003,0.0,0,0.0,3.127141766363183e-05,0,0,2.0399999999999636,0.5883214285715291,0.8114379471889089,3.446249999999992,1.1513834845834259,-0.5612812834759853,0,0,0,1,0,0.01854828351270187,0,0.0002344806384126419,1,0.11113717062571853,0,0,1,0,0,0.7692307692307692,-0.8660254037844386,0.5000000000000001,0.9749279121818236,-0.22252093395631434,0,1918.685,1918.685,1918.685,1918.685,0,0.0003
2023-11-08 20:45:00+00:00,0.06999999999993634,0.1269999999999527,0.012999999999919964,2.1059484094247384e-05,1.4703278468877899e-05,3.647609643242511e-05,0.0,0.0,1,0.36363636363636365,,0.0,0.0003,0.0,0,0.0,4.689612768248099e-05,0,0,2.5110000000001946,0.650488095238247,0.751625167167935,3.2162500000000023,1.3838862205501676,-1.39191356297648,0,0,0,0,1,0.030591657017690416,0,0.00031273862608704507,1,0.11663019190060299,0,0,1,0,0,0.7692307692307693,-0.8660254037844386,0.5000000000000001,0.9749279121818236,-0.22252093395631434,0,1919.135,1919.135,1919.135,1919.135,0,0.0003
2023-11-08 21:00:00+00:00,0.09000000000014552,0.0500000000001819,0.13000000000010914,1.3791257619708868e-05,1.6943986420941308e-05,3.127532975932823e-05,0.0,0.0,1,0.36363636363636365,,0.0,0.0003,0.0,0,0.0,4.691079391313972e-05,0,0,0.019000000000005457,0.4411428571430047,0.8239242187362439,3.147125000000017,1.4402897959884944,-0.867967685032354,0,0,0,0,1,0.021861445361884845,0,0.0004698498253577415,1,0.09984210141489795,0,0,0,0,1,1.0,-0.7071067811865477,0.7071067811865474,0.9749279121818236,-0.22252093395631434,0,1918.535,1918.535,1918.535,1918.535,0,0.0003
2023-11-08 21:15:00+00:00,0.016000000000076398,-0.023999999999887223,0.05600000000004002,4.817228617473042e-06,1.0324606721002426e-05,8.343684717138089e-06,0.0,0.0,1,0.2727272727272727,,0.0,0.0003,0.0,0,1.2515422650978875e-05,8.34361510073163e-06,0,0,-2.8599999999999,0.028214285714432078,0.9447039295460319,3.101249999999993,1.4726043741810633,-0.7186247837873011,0,0,0,0,1,0.02641673029869064,0,0.0009442407317996001,1,0.008836321946025124,0,0,0,0,1,1.0,-0.7071067811865477,0.7071067811865474,0.9749279121818236,-0.22252093395631434,0,1917.634,1917.634,1917.634,1917.634,0,0.0003
2023-11-08 21:30:00+00:00,-0.029999999999972715,0.0,-0.05999999999994543,2.7244539957469357e-11,1.8380385014631827e-05,5.219656181276733e-06,0.0,0.0,1,0.2727272727272727,,0.0,0.0003,0.0,0,3.1318100557172724e-05,5.219683426195454e-06,0,0,-5.529999999999973,-0.3528095238094614,0.856307790389823,2.8600000000000136,1.2793669193338768,0.09379639115765515,0,0,0,1,0,0.02250701899691745,0,0.0011601140256218118,0,0.013497854463222473,0,0,0,0,1,1.0,-0.7071067811865477,0.7071067811865474,0.9749279121818236,-0.22252093395631434,0,1915.825,1915.825,1915.825,1915.825,0,0.0003
2023-11-08 21:45:00+00:00,0.09999999999990905,0.20000000000004547,-2.2737367544323206e-13,2.681766764439968e-05,1.76965484938389e-05,4.7033861767520335e-05,0.0,0.0,1,0.45454545454545453,,0.0,0.0003,0.0,0,0.0,8.883756052062612e-05,0,0,-4.570000000000164,-0.735488095237859,1.2201091449249664,2.65625,1.3386264548836841,-0.7815847327557939,0,0,0,1,0,0.030503973438145995,0,0.00018809121378912362,1,0.2778300351661438,0,0,0,0,1,1.0,-0.7071067811865477,0.7071067811865474,0.9749279121818236,-0.22252093395631434,0,1913.605,1913.605,1913.605,1913.605,0,0.0003
2023-11-08 22:00:00+00:00,0.03999999999996362,0.08999999999991815,-0.009999999999990905,7.981122258615162e-06,1.1327485759960435e-05,1.5674595399417512e-05,0.0,0.0,1,0.45454545454545453,,0.0,0.0003,0.0,0,0.0,5.2247559385834674e-05,0,0,-2.7789999999999964,-0.8245119047617667,1.413675359835288,2.164999999999992,0.6960560322272701,-0.7973496016174901,0,0,0,1,0,0.014386223145844198,0,0.0004647871509853749,1,0.04496471924842751,0,0,0,0,0,1.0,-0.5000000000000004,0.8660254037844384,0.9749279121818236,-0.22252093395631434,0,1913.965,1913.965,1913.965,1913.965,0,0.0003
2023-11-08 22:15:00+00:00,-0.06999999999993634,-0.05999999999994543,-0.07999999999992724,3.0148760328918334e-06,1.04443550884496e-05,1.566640991157442e-05,0.0,0.0,1,0.5454545454545454,,0.0,0.0003,0.0,0,3.655629277409325e-05,0.0,0,0,-1.1600000000000819,-0.7490119047618675,1.1310912880674957,1.901124999999979,0.6954329458279206,-1.3259725549849593,0,0,0,1,0,0.018129874572750556,0,9.923406966756826e-05,1,0.36838449633836395,0,0,0,0,0,1.0,-0.5000000000000004,0.8660254037844384,0.9749279121818236,-0.22252093395631434,0,1914.855,1914.855,1914.855,1914.855,0,0.0003
2023-11-08 22:30:00+00:00,-0.009999999999990905,-0.009999999999990905,-0.009999999999990905,3.015395663452002e-06,2.132206721587419e-06,5.22281849402173e-06,0.0,0.0,1,0.09090909090909091,,0.0,0.0003,0.0,0,5.222845771971026e-06,0.0,0,0,0.8199999999999363,-0.5495833333332193,0.4641700381089789,1.6873749999999745,0.6402927762248882,-0.9329716376344719,0,0,0,1,0,0.010510394424781168,0,0.00012536401269311104,1,0.04166144382085522,0,0,0,0,0,1.0,-0.5000000000000004,0.8660254037844384,0.9749279121818236,-0.22252093395631434,0,1914.665,1914.665,1914.665,1914.665,0,0.0003
2023-11-08 22:45:00+00:00,0.05999999999994543,0.049999999999954525,0.06999999999993634,1.8095303743716006e-05,1.3385901147740142e-05,3.134198546250744e-05,0.0,0.0,1,0.18181818181818182,,0.0,0.0003,0.0,0,0.0,3.1341003173248065e-05,0,0,0.290000000000191,-0.3164642857142009,0.5480766922962562,1.6011249999999961,0.7401533504233231,-1.3525913237132232,0,0,0,0,1,0.017027031965027816,0,8.880739504394419e-05,1,0.35290983546741495,0,0,0,0,0,1.0,-0.5000000000000004,0.8660254037844384,0.9749279121818236,-0.22252093395631434,0,1914.425,1914.425,1914.425,1914.425,0,0.0003
2023-11-08 23:00:00+00:00,-0.05999999999994543,-0.06999999999993634,-0.049999999999954525,5.223841614003971e-06,7.68925112383923e-06,1.5671483906687378e-05,0.0,0.0,1,0.45454545454545453,,0.0,0.0003,0.0,0,4.179171531479726e-05,0.0,0,0,0.16000000000008185,-0.01464285714272851,0.6592982735185792,1.5252499999999714,0.7365934622106189,-0.31937562857806245,0,0,0,0,1,0.017784868674460486,0,0.0003968637321378636,1,0.07897871220746788,0,0,0,0,0,1.0,-0.25881904510252157,0.9659258262890681,0.9749279121818236,-0.22252093395631434,0,1914.255,1914.255,1914.255,1914.255,0,0.0003
2023-11-08 23:15:00+00:00,0.009999999999990905,-0.04299999999989268,0.06299999999987449,1.2059464803924867e-05,1.1678347970670613e-05,1.5665755441984786e-05,0.0,0.0,1,0.18181818181818182,,0.0,0.0003,0.0,0,2.0887564849342496e-05,5.221891212335624e-06,0,0,-0.4500000000000455,0.08904761904782071,1.1726602091173068,1.4486249999999927,0.7063008135955423,-0.02636978415063036,0,0,0,0,1,0.04089749590776763,0,0.00041792588606827445,1,0.012494778108773454,0,0,0,0,0,1.0,-0.25881904510252157,0.9659258262890681,0.9749279121818236,-0.22252093395631434,0,1915.015,1915.015,1915.015,1915.015,0,0.0003
2023-11-08 23:30:00+00:00,0.07999999999992724,0.08999999999991815,0.06999999999993634,1.596051116296235e-05,1.4683913387345176e-05,3.134575147512031e-05,0.0,0.0,1,0.2727272727272727,,0.0,0.0003,0.0,0,0.0,5.7464809334322404e-05,0,0,-0.9199999999998454,-0.06595238095232253,1.199016218609873,1.2398749999999836,0.3417436121254771,0.20519769064246382,0,0,0,0,1,0.032417251490229136,0,0.00037104684858404286,1,0.11263426374934922,0,0,0,0,0,1.0,-0.25881904510252157,0.9659258262890681,0.9749279121818236,-0.22252093395631434,0,1914.215,1914.215,1914.215,1914.215,0,0.0003
2023-11-08 23:45:00+00:00,0.0,0.11000000000012733,-0.11000000000012733,1.3826887977032793e-05,1.4564717033266109e-05,1.5678281660491677e-05,0.0,0.0,1,0.5454545454545454,,0.0,0.0003,0.0,0,0.0,3.135607171142631e-05,0,0,-1.1200000000001182,-0.210833333333299,1.1208116297445592,1.09862499999997,0.3961107123376176,-1.5617477153026493,0,0,0,0,0,0.045464210383440555,0,0.00019339983848506154,1,0.0,0,0,0,0,0,1.0,-0.25881904510252157,0.9659258262890681,0.9749279121818236,-0.22252093395631434,0,1913.505,1913.505,1913.505,1913.505,0,0.0003
2023-11-09 00:00:00+00:00,0.0,-0.009999999999990905,0.009999999999990905,0.0,2.13391191186369e-06,0.0,0.0,0.0,1,0.09090909090909091,,0.0,0.0003,0.0,0,5.227022661751996e-06,0.0,0,0,-2.0300000000002,-0.2530952380951029,0.5066344004845003,1.022374999999954,0.33806928178367684,-0.06618465860578053,0,0,0,0,0,0.010570053800598575,0,7.841148780575433e-05,1,0.0,1,0,0,0,1,1.2499999999999998,0.0,1.0,0.43388373911755823,-0.900968867902419,0,1913.135,1913.135,1913.135,1913.135,0,0.0003
2023-11-09 00:15:00+00:00,-0.020000000000209184,-0.009999999999990905,-0.030000000000427463,6.036056039529892e-06,5.139523006153879e-06,1.0454755737798749e-05,0.0,0.0,1,0.09090909090909091,,0.0,0.0003,0.0,0,1.0454865040870254e-05,0.0,0,0,-0.9099999999998545,-0.2445238095237626,0.7968621405903445,1.027499999999975,0.33762828249847787,-0.022213778847235615,0,0,0,0,1,0.02465375312271598,0,0.0001672498634562517,1,0.06251045486566259,1,0,0,0,1,1.25,0.0,1.0,0.43388373911755823,-0.900968867902419,0,1912.985,1912.985,1912.985,1912.985,0,0.0003
2023-11-09 00:30:00+00:00,0.009999999999990905,0.009999999999990905,0.009999999999990905,7.983717458953265e-06,6.110107710698672e-06,1.04531711000444e-05,0.0,0.0,1,0.45454545454545453,,0.0,0.0003,0.0,0,5.226558233000439e-06,1.0453116466000879e-05,0,0,-0.2300000000000182,-0.23178571428555095,0.6634789848548578,0.9374999999999716,0.4073520765698209,-1.3931437511717462,0,0,0,0,1,0.02835593585844357,0,1.5679920555054927e-05,1,0.33332810677510033,1,0,0,0,1,1.25,0.0,1.0,0.43388373911755823,-0.900968867902419,0,1913.305,1913.305,1913.305,1913.305,0,0.0003
2023-11-09 00:45:00+00:00,0.01999999999998181,0.03000000000020009,0.009999999999763531,1.3153438967429698e-05,1.1803553295147839e-05,1.5680084463287614e-05,0.0,0.0,1,0.45454545454545453,,0.0,0.0003,0.0,0,1.0453280370036618e-05,2.6133200925210384e-05,0,0,0.15000000000009095,-0.20904761904754654,0.6556945609581418,0.9149999999999636,0.43283121091585874,-1.1436328700799665,0,0,0,1,0,0.04734480818553937,0,5.226612867393465e-06,1,2.00001045328037,1,0,0,0,1,1.2499999999999998,0.0,1.0,0.43388373911755823,-0.900968867902419,0,1913.275,1913.275,1913.275,1913.275,0,0.0003
2023-11-09 01:00:00+00:00,0.0,-0.009999999999990905,0.009999999999990905,9.052735380387123e-06,9.002316988918685e-06,1.0453225734785576e-05,0.0,0.0,1,0.36363636363636365,,0.0,0.0003,0.0,0,1.045322573478693e-05,5.226612867393465e-06,0,0,-0.14999999999986358,-0.11928571428560653,1.023482085384661,0.9012499999999761,0.4207964387410881,0.6624343134510216,0,0,0,0,0,0.04727336846843895,0,0.00023525290994782377,1,0.0,1,0,0,0,0,1.25,0.25881904510252074,0.9659258262890683,0.43388373911755823,-0.900968867902419,0,1913.285,1913.285,1913.285,1913.285,0,0.0003
2023-11-09 01:15:00+00:00,0.01999999999998181,0.01999999999998181,0.01999999999998181,7.985765610208393e-06,6.331303826142416e-06,1.0455848871160356e-05,0.0,0.0,1,0.5454545454545454,,0.0,0.0003,0.0,0,0.0,1.568352732983907e-05,0,0,-0.4700000000000273,-0.06333333333326728,0.8655998207995454,0.7887499999999648,0.37730008897809814,-0.685793636308981,0,0,0,0,0,0.0693940683670043,0,0.0,1,1.0,1,0,0,0,0,1.25,0.25881904510252074,0.9659258262890683,0.43388373911755823,-0.900968867902419,0,1912.835,1912.835,1912.835,1912.835,0,0.0003
2023-11-09 01:30:00+00:00,-0.029999999999972715,-0.04299999999989268,-0.01700000000005275,1.2687460952499893e-05,9.171228675072297e-06,1.9342713678205392e-05,0.0,0.0,1,0.36363636363636365,,0.0,0.0003,0.0,0,1.568352732983907e-05,5.2278424432796895e-06,0,0,-0.17000000000007276,-0.028095238095197612,1.152425192879587,0.7224999999999682,0.3139039889611811,0.18317702871598512,0,0,0,0,1,0.05833766710920152,0,0.0001411318249651649,1,0.11112679463834738,1,0,0,0,0,1.25,0.25881904510252074,0.9659258262890683,0.43388373911755823,-0.900968867902419,0,1912.835,1912.835,1912.835,1912.835,0,0.0003
2023-11-09 01:45:00+00:00,0.08999999999991815,0.13000000000010914,0.04999999999972715,9.05422603878165e-06,7.694441143451946e-06,2.613675271745386e-05,0.0,0.0,1,1.0,,0.0,0.0003,0.0,0,0.0,6.272525554013932e-05,0,0,0.16300000000001091,0.0056071428572445165,1.199691322319072,0.7533750000000055,0.2984095639505462,-0.08838523688968399,0,0,0,1,0,0.05867996575329684,0,0.0001792575497217978,1,0.2624377144952952,1,0,0,0,0,1.2499999999999998,0.25881904510252074,0.9659258262890683,0.43388373911755823,-0.900968867902419,0,1913.105,1913.105,1913.105,1913.105,0,0.0003
2023-11-09 02:00:00+00:00,0.06300000000010186,0.07000000000016371,0.05600000000004002,1.490199607764098e-05,1.394820816197738e-05,2.6131794135908493e-05,0.0,0.0,1,0.45454545454545453,,0.0,0.0003,0.0,0,0.0,3.65831734126894e-05,0,0,0.3430000000000746,-0.006714285714284405,0.9634964406226724,0.7183750000000089,0.2812796968448942,0.005777167773735513,0,0,0,0,1,0.15727874916579998,0,0.00014112643988169516,1,0.23330040847765493,1,0,0,0,0,1.25,0.49999999999999994,0.8660254037844387,0.43388373911755823,-0.900968867902419,0,1913.448,1913.448,1913.448,1913.448,0,0.0003
2023-11-09 02:15:00+00:00,0.0,0.020000000000209184,-0.020000000000209184,1.5680838486958565e-05,1.0796730039900702e-05,1.56809614311193e-05,0.0,0.0,1,0.2727272727272727,,0.0,0.0003,0.0,0,0.0,1.5680715542516215e-05,0,0,0.3930000000000291,0.014821428571575196,0.908114050012526,0.6325000000000216,0.28090872945802803,-1.0661826016506466,0,0,0,0,0,0.06618334334819947,0,2.6133842908401154e-05,1,0.0,1,0,0,0,0,1.25,0.49999999999999994,0.8660254037844387,0.43388373911755823,-0.900968867902419,0,1913.178,1913.178,1913.178,1913.178,0,0.0003
2023-11-09 02:30:00+00:00,-0.049999999999954525,-0.06999999999993634,-0.029999999999972715,7.98383012525568e-06,9.590117198298148e-06,1.567989596906738e-05,0.0,0.0,1,0.36363636363636365,,0.0,0.0003,0.0,0,2.6133842908401154e-05,0.0,0,0,0.20299999999997453,0.041642857143057765,0.8624182271538418,0.6642500000000382,0.26062274322421014,-0.15443778813036296,0,0,0,0,1,0.07639262878935854,0,4.181240030352e-05,1,0.6250261338429084,1,0,0,0,0,1.25,0.49999999999999994,0.8660254037844387,0.43388373911755823,-0.900968867902419,0,1913.228,1913.228,1913.228,1913.228,0,0.0003
2023-11-09 02:45:00+00:00,-0.03999999999996362,-0.01999999999998181,-0.05999999999994543,7.983564858418418e-06,1.079571785151608e-05,1.5679404266277785e-05,0.0,0.0,1,0.36363636363636365,,0.0,0.0003,0.0,0,3.135930022764e-05,0.0,0,0,-0.07000000000016371,0.07458333333341614,0.6928057880122809,0.7317500000000337,0.2582439323032195,0.8838542612184238,0,0,0,0,1,0.1012529383915505,0,3.658451179010961e-05,1,0.5714494776287232,1,0,0,0,0,1.25,0.49999999999999994,0.8660254037844387,0.43388373911755823,-0.900968867902419,0,1913.308,1913.308,1913.308,1913.308,0,0.0003
